,Carpet Area,Plot Area,Super Area,square_feet,year,month,transaction,furnishing,flat_floor,building_floor,floor_ratio,facing_sin,facing_cos,BHK,builder floor,house,industrial land,office space,shop,villa,true price,predicted price,absolute error,percentage error
1681,0,0,1,425.0,2024.0,5.0,1,1,3.0,4.0,0.75,,,,0,0,0,0,0,0,9500000.0,3188168.0,6311832.0,297.9767691037611
4053,0,0,1,770.0,2024.0,5.0,1,0,0.0,4.0,0.0,,,,0,0,0,0,0,0,20000000.0,6930297.0,13069703.0,288.5879205465509
3833,1,0,0,600.0,2024.0,5.0,1,0,0.0,1.0,0.0,,,,0,0,0,0,0,0,21000000.0,7299176.0,13700824.0,287.70370792538773
3125,0,0,1,1100.0,2024.0,5.0,1,0,1.0,2.0,0.5,,,2.0,0,1,0,0,0,0,11000000.0,4110022.0,6889978.0,267.63847006171744
3334,0,0,1,900.0,2024.0,5.0,1,0,0.0,1.0,0.0,0.9999996829318346,0.0007963267107332633,2.0,0,1,0,0,0,0,10000000.0,4370033.0,5629967.0,228.8312239289726
2008,1,0,0,77.0,2024.0,5.0,1,0,0.0,1.0,0.0,,,2.0,0,1,0,0,0,0,8500000.0,3754718.0,4745282.0,226.38184811748846
4118,0,0,1,2700.0,2024.0,5.0,0,1,0.0,3.0,0.0,-0.8564779741650012,-0.5161835717748248,5.0,0,1,0,0,0,0,33100000.0,14904386.0,18195614.0,222.08227833068736
1721,1,0,0,635.0,2024.0,5.0,1,1,6.0,11.0,0.5454545454545454,,,2.0,0,0,0,0,0,0,7250000.0,3367133.0,3882867.0,215.31671009134476
3835,0,0,1,1035.0,2024.0,5.0,1,0,0.0,1.0,0.0,,,3.0,0,1,0,0,0,0,15000000.0,7122561.0,7877439.0,210.59840694941045
2007,1,0,0,12.0,2024.0,5.0,1,0,2.0,2.0,1.0,-0.8564779741650012,-0.5161835717748248,1.0,1,0,0,0,0,0,7500000.0,3587010.0,3912990.0,209.08779178201345
3857,0,0,1,4500.0,2024.0,5.0,1,0,10.0,10.0,1.0,-0.7090748404422167,0.7051332290084228,3.0,0,0,0,0,0,0,31000000.0,15476014.0,15523986.0,200.30997645776233
3746,0,0,1,950.0,2024.0,5.0,1,0,1.0,1.0,1.0,,,3.0,0,1,0,0,0,0,15000000.0,7492766.0,7507234.0,200.19309291121598
3094,0,0,1,1260.0,2024.0,5.0,1,2,0.0,3.0,0.0,,,2.0,0,1,0,0,0,0,13000000.0,6512548.0,6487452.0,199.6146515925871
4001,1,0,0,1289.0,2024.0,5.0,1,2,1.0,10.0,0.1,-0.8564779741650012,-0.5161835717748248,3.0,0,0,0,0,0,0,17500000.0,8831027.0,8668973.0,198.16494729321968
3040,0,0,1,785.48,2024.0,5.0,1,0,1.0,1.0,1.0,,,1.0,0,1,0,0,0,0,10000000.0,5061897.0,4938103.0,197.5543951210386
1641,1,0,0,300.0,2024.0,5.0,1,0,1.0,3.0,0.3333333333333333,,,,0,0,0,0,1,0,6500000.0,3356380.0,3143620.0,193.66102765479476
3709,0,0,1,1665.0,2024.0,5.0,1,0,0.0,2.0,0.0,,,2.0,0,1,0,0,0,0,15000000.0,8117319.0,6882681.0,184.7900766250532
3842,0,0,1,750.0,2024.0,5.0,1,0,0.0,2.0,0.0,,,,0,0,0,0,1,0,17100000.0,9827082.0,7272918.0,174.008927573821
1834,0,0,1,480.0,2024.0,5.0,1,0,2.0,2.0,1.0,,,3.0,0,1,0,0,0,0,8500000.0,4888206.0,3611794.0,173.88792534520846
3122,0,0,1,1890.0,2024.0,5.0,1,0,0.0,3.0,0.0,,,3.0,0,1,0,0,0,0,15000000.0,8719366.0,6280634.0,172.03085637189676
3012,1,0,0,1382.0,2025.0,5.0,0,0,4.0,6.0,0.6666666666666666,-0.8564779741650012,-0.5161835717748248,3.0,0,0,0,0,0,0,14800000.0,8641006.0,6158994.0,171.27635370233511
3104,1,0,0,1080.0,2024.0,5.0,0,2,3.0,12.0,0.25,-0.8564779741650012,-0.5161835717748248,3.0,0,0,0,0,0,0,15000000.0,9032486.0,5967514.0,166.0672377460646
3738,1,0,0,1080.0,2024.0,5.0,0,2,3.0,12.0,0.25,-0.8564779741650012,-0.5161835717748248,3.0,0,0,0,0,0,0,15000000.0,9032486.0,5967514.0,166.0672377460646
3566,0,0,1,891.0,2024.0,5.0,0,0,0.0,2.0,0.0,-0.8564779741650012,-0.5161835717748248,4.0,0,1,0,0,0,0,13500000.0,8151872.0,5348128.0,165.60613316793984
2745,1,0,0,720.0,2024.0,5.0,1,1,3.0,5.0,0.6,-0.8564779741650012,-0.5161835717748248,2.0,0,0,0,0,0,0,5650000.0,3425162.0,2224838.0,164.95570136536608
4144,0,0,1,2000.0,2024.0,5.0,1,1,0.0,2.0,0.0,-0.8564779741650012,-0.5161835717748248,4.0,0,1,0,0,0,0,18000000.0,11325409.0,6674591.0,158.9346574591699
1801,0,0,1,900.0,2024.0,5.0,1,1,0.0,1.0,0.0,,,2.0,0,1,0,0,0,0,7000000.0,4439439.0,2560561.0,157.67758043302317
1680,1,0,0,625.0,2024.0,5.0,1,0,3.0,3.0,1.0,,,2.0,0,0,0,0,0,0,5000000.0,3179478.0,1820522.0,157.25851853669062
3525,1,0,0,1042.0,2024.0,5.0,0,0,4.0,13.0,0.3076923076923077,-0.8564779741650012,-0.5161835717748248,3.0,0,0,0,0,0,0,13200000.0,8451752.0,4748248.0,156.18063568358372
3407,0,0,1,1602.0,2024.0,5.0,0,0,0.0,3.0,0.0,-0.8564779741650012,-0.5161835717748248,3.0,0,1,0,0,0,0,11100000.0,7210830.0,3889170.0,153.93512258644287
1744,1,0,0,470.0,2024.0,5.0,1,0,5.0,13.0,0.38461538461538464,,,,0,0,0,1,0,0,9000000.0,5853698.0,3146302.0,153.7489634757379
3269,1,0,0,1100.0,2024.0,5.0,0,2,3.0,14.0,0.21428571428571427,-0.8564779741650012,-0.5161835717748248,3.0,0,0,0,0,0,0,13500000.0,8819295.0,4680705.0,153.07345995343164
1843,0,0,1,1250.0,2024.0,5.0,1,1,6.0,7.0,0.8571428571428571,,,2.0,0,0,0,0,0,0,6000000.0,3949758.0,2050242.0,151.90804094833152
1991,1,0,0,1080.0,2024.0,5.0,1,2,10.0,11.0,0.9090909090909091,,,2.0,0,0,0,0,0,0,8000000.0,5288633.0,2711367.0,151.26782289487662
3217,1,0,0,1250.0,2024.0,5.0,0,0,7.0,12.0,0.5833333333333334,-0.8564779741650012,-0.5161835717748248,3.0,0,0,0,0,0,0,14000000.0,9290369.0,4709631.0,150.69369149922892
286,0,0,1,785.0,2024.0,5.0,1,1,2.0,4.0,0.5,,,1.0,1,0,0,0,0,0,3200000.0,2143881.0,1056119.0,149.2620159421162
3568,1,0,0,1094.0,2024.0,5.0,1,0,9.0,12.0,0.75,-0.8564779741650012,-0.5161835717748248,3.0,0,0,0,0,0,0,11700000.0,7862302.0,3837698.0,148.81137865220643
1846,0,0,1,1360.0,2024.0,5.0,1,1,3.0,13.0,0.23076923076923078,,,2.0,0,0,0,0,0,0,7800000.0,5249894.0,2550106.0,148.57442835988687
1556,1,0,0,1500.0,2024.0,5.0,1,1,1.0,2.0,0.5,0.0015926529164868282,-0.9999987317275395,2.0,0,1,0,0,0,0,7500000.0,5110631.0,2389369.0,146.75291563801025
116,0,0,1,800.0,2024.0,5.0,1,0,0.0,1.0,0.0,,,2.0,0,1,0,0,0,0,4600000.0,3174240.0,1425760.0,144.91657845657545
4422,1,0,0,2200.0,2025.0,5.0,0,0,8.0,11.0,0.7272727272727273,-0.8564779741650012,-0.5161835717748248,4.0,0,0,0,0,0,0,34000000.0,23554708.0,10445292.0,144.34481633141027
3519,0,0,1,1895.0,2024.0,5.0,0,0,5.0,13.0,0.38461538461538464,0.7079509086484322,-0.7062616448200052,3.0,0,0,0,0,0,0,11900000.0,8457452.0,3442548.0,140.7043161462814
3115,1,0,0,1250.0,2024.0,5.0,1,0,4.0,14.0,0.2857142857142857,,,3.0,0,0,0,0,0,0,10500000.0,7484203.0,3015797.0,140.29549973457426
1895,0,0,1,1417.0,2024.0,5.0,1,2,8.0,10.0,0.8,-0.8564779741650012,-0.5161835717748248,3.0,0,0,0,0,0,0,9500000.0,6788421.0,2711579.0,139.9441784768505
3117,1,0,0,1200.0,2024.0,5.0,1,2,8.0,11.0,0.7272727272727273,0.9999996829318346,0.0007963267107332633,3.0,0,0,0,0,0,0,12000000.0,8600860.0,3399140.0,139.52093162776745
826,1,0,0,850.0,2024.0,5.0,1,1,5.0,5.0,1.0,0.0015926529164868282,-0.9999987317275395,2.0,0,0,0,0,0,0,4000000.0,2870100.0,1129900.0,139.36796627295217
2101,1,0,0,225.0,2024.0,5.0,1,0,0.0,7.0,0.0,,,,0,0,0,0,0,0,5800000.0,4178106.0,1621894.0,138.81888109109727
1983,0,0,1,1621.0,2024.0,5.0,1,1,2.0,11.0,0.18181818181818182,,,3.0,0,0,0,0,0,0,8540000.0,6166380.0,2373620.0,138.4929245359514
1939,0,0,1,1156.0,2024.0,5.0,1,0,3.0,6.0,0.5,,,2.0,0,0,0,0,0,0,5000000.0,3613626.0,1386374.0,138.36517669509794
3430,1,0,0,1300.0,2024.0,5.0,1,0,3.0,10.0,0.3,-0.7090748404422167,0.7051332290084228,3.0,0,0,0,0,0,0,13600000.0,9938446.0,3661554.0,136.84231921167554
4029,1,0,0,2942.0,2024.0,5.0,0,0,7.0,12.0,0.5833333333333334,-0.8564779741650012,-0.5161835717748248,5.0,0,0,0,0,0,0,35000000.0,25611296.0,9388704.0,136.65844945917613
1933,1,0,0,935.0,2024.0,5.0,0,2,7.0,13.0,0.5384615384615384,-0.8564779741650012,-0.5161835717748248,3.0,0,0,0,0,0,0,9500000.0,7024144.0,2475856.0,135.247796742208
1873,0,0,1,1700.0,2024.0,5.0,1,0,2.0,9.0,0.2222222222222222,,,3.0,0,0,0,0,0,0,8500000.0,6326967.0,2173033.0,134.3455718988261
1714,0,0,1,407.0,2024.0,5.0,1,0,0.0,4.0,0.0,,,,0,0,0,0,1,0,7100000.0,5310127.0,1789873.0,133.70678328409093
2293,0,0,1,1180.0,2024.0,5.0,1,2,5.0,13.0,0.38461538461538464,,,2.0,0,0,0,0,0,0,6500000.0,4864498.0,1635502.0,133.62118763333854
2549,1,0,0,950.0,2024.0,5.0,1,0,9.0,15.0,0.6,0.7079509086484322,-0.7062616448200052,2.0,0,0,0,0,1,0,5320000.0,3989980.0,1330020.0,133.33400167419384
3088,1,0,0,1400.0,2024.0,5.0,1,0,0.0,2.0,0.0,,,3.0,0,1,0,0,0,0,11500000.0,8679791.0,2820209.0,132.49166944227113
3460,1,0,0,1278.0,2024.0,5.0,1,0,18.0,19.0,0.9473684210526315,0.9999996829318346,0.0007963267107332633,3.0,0,0,0,0,0,0,12200000.0,9222221.0,2977779.0,132.28917415880622
2252,0,0,1,1200.0,2024.0,5.0,1,0,3.0,5.0,0.6,-0.8564779741650012,-0.5161835717748248,2.0,0,0,0,0,0,0,5000000.0,3781148.0,1218852.0,132.2349720243693
709,1,0,0,592.0,2024.0,5.0,1,0,1.0,1.0,1.0,0.9999996829318346,0.0007963267107332633,2.0,0,1,0,0,0,0,4500000.0,3427985.0,1072015.0,131.27245305915866
1619,0,0,1,1350.0,2024.0,5.0,1,2,4.0,6.0,0.6666666666666666,,,3.0,0,0,0,0,0,0,7500000.0,5770507.0,1729493.0,129.97124862685376
3335,1,0,0,1300.0,2024.0,5.0,0,0,9.0,12.0,0.75,-0.8564779741650012,-0.5161835717748248,3.0,0,0,0,0,0,0,14000000.0,10817896.0,3182104.0,129.41518387679082
1817,0,0,1,1851.0,2024.0,5.0,1,0,2.0,6.0,0.3333333333333333,,,3.0,0,0,0,0,0,0,9000000.0,6973224.0,2026776.0,129.06512109750093
3100,0,0,1,2117.0,2024.0,5.0,1,0,7.0,13.0,0.5384615384615384,,,3.0,0,0,0,0,0,0,12100000.0,9404543.0,2695457.0,128.6612225602031
3275,1,0,0,1249.0,2026.0,10.0,0,0,9.0,20.0,0.45,-0.8564779741650012,-0.5161835717748248,3.0,0,0,0,0,0,0,12800000.0,9951591.0,2848409.0,128.6226493834001
396,1,0,0,578.0,2024.0,5.0,1,1,0.0,2.0,0.0,-0.7090748404422167,0.7051332290084228,2.0,0,1,0,0,0,0,5000000.0,3894190.0,1105810.0,128.3964059278053
3531,1,0,0,1240.0,2024.0,5.0,1,0,8.0,12.0,0.6666666666666666,-0.7090748404422167,0.7051332290084228,3.0,0,0,0,0,0,0,12000000.0,9346337.0,2653663.0,128.3925456571917
4301,1,0,0,1488.0,2024.0,5.0,0,0,7.0,13.0,0.5384615384615384,-0.7090748404422167,0.7051332290084228,3.0,0,0,0,0,0,0,15200000.0,11855691.0,3344309.0,128.20846967081042
1749,1,0,0,950.0,2024.0,5.0,1,1,1.0,5.0,0.2,-0.8564779741650012,-0.5161835717748248,3.0,0,0,0,0,0,0,7200000.0,5618441.0,1581559.0,128.14942792849476
1631,0,0,1,1260.0,2024.0,5.0,1,2,1.0,1.0,1.0,-0.8564779741650012,-0.5161835717748248,2.0,0,1,0,0,0,0,8300000.0,6495192.0,1804808.0,127.78683062794755
2591,0,0,1,496.0,2024.0,5.0,1,0,1.0,6.0,0.16666666666666666,,,,0,0,0,1,0,0,5000000.0,3917877.0,1082123.0,127.62013713038975
339,0,0,1,300.0,2024.0,5.0,1,0,1.0,10.0,0.1,,,,0,0,0,1,0,0,3500000.0,2742746.0,757254.0,127.6093375033634
1636,1,0,0,210.0,2024.0,5.0,1,0,0.0,10.0,0.0,,,,0,0,0,0,1,0,5000000.0,3930553.0,1069447.0,127.20856327341217
1551,0,0,1,1310.0,2024.0,5.0,1,2,13.0,15.0,0.8666666666666667,,,2.0,0,0,0,0,0,0,7900000.0,6225212.0,1674788.0,126.90330867446764
4448,0,0,1,4350.0,2024.0,7.0,0,0,7.0,12.0,0.5833333333333334,-0.8564779741650012,-0.5161835717748248,4.0,0,0,0,0,0,0,33900000.0,26803116.0,7096884.0,126.47783190581275
2478,1,0,0,1000.0,2025.0,5.0,0,0,6.0,12.0,0.5,-0.8564779741650012,-0.5161835717748248,3.0,0,0,0,0,0,0,10000000.0,7909743.0,2090257.0,126.42635797395694
3516,1,0,0,1500.0,2024.0,5.0,0,0,8.0,19.0,0.42105263157894735,-0.8564779741650012,-0.5161835717748248,3.0,0,0,0,0,0,0,14000000.0,11089316.0,2910684.0,126.24764232527959
767,1,0,0,300.0,2024.0,5.0,1,0,3.0,5.0,0.6,,,,0,0,0,1,0,0,4000000.0,3174537.0,825463.0,126.00262652474991
672,1,0,0,750.0,2024.0,5.0,1,1,1.0,5.0,0.2,,,1.0,0,0,0,0,0,1,2500000.0,1987385.0,512615.0,125.79344213627455
4277,1,0,0,1650.0,2024.0,5.0,1,0,12.0,12.0,1.0,-0.7090748404422167,0.7051332290084228,4.0,0,0,0,0,0,0,19000000.0,15133033.0,3866967.0,125.55315249758591
3476,1,0,0,1000.0,2025.0,7.0,0,0,8.0,12.0,0.6666666666666666,-0.8564779741650012,-0.5161835717748248,3.0,0,0,0,0,0,0,10000000.0,7968990.0,2031010.0,125.48641672282184
3599,1,0,0,1102.0,2024.0,5.0,1,0,6.0,10.0,0.6,-0.7090748404422167,0.7051332290084228,3.0,0,0,0,0,0,0,10800000.0,8656966.0,2143034.0,124.75502387325999
4496,0,0,1,4000.0,2024.0,5.0,0,0,6.0,12.0,0.5,-0.8564779741650012,-0.5161835717748248,4.0,0,0,0,0,0,0,34000000.0,27354864.0,6645136.0,124.29233791840457
3097,0,0,1,945.0,2024.0,5.0,1,2,0.0,2.0,0.0,,,3.0,0,1,0,0,0,0,11000000.0,8874964.0,2125036.0,123.94416473125975
3392,1,0,0,1431.0,2024.0,5.0,1,0,5.0,12.0,0.4166666666666667,0.0015926529164868282,-0.9999987317275395,3.0,0,0,0,0,0,0,12700000.0,10248041.0,2451959.0,123.92612402702137
2701,1,0,0,889.0,2024.0,5.0,1,0,5.0,12.0,0.4166666666666667,0.0015926529164868282,-0.9999987317275395,2.0,0,0,0,0,0,0,5500000.0,4441811.0,1058189.0,123.82336844138572
769,1,0,0,650.0,2024.0,5.0,1,0,7.0,7.0,1.0,0.0,1.0,2.0,0,0,0,0,0,0,3900000.0,3155668.0,744332.0,123.5871454158042
1422,1,0,0,700.0,2024.0,5.0,0,2,1.0,7.0,0.14285714285714285,0.7079509086484322,-0.7062616448200052,2.0,0,0,0,0,0,0,4340000.0,3520755.0,819245.0,123.26901474257652
3358,1,0,0,1200.0,2024.0,5.0,1,0,6.0,12.0,0.5,-0.7090748404422167,0.7051332290084228,3.0,0,0,0,0,0,0,11500000.0,9329595.0,2170405.0,123.2636572112723
2456,0,0,1,1365.0,2024.0,5.0,0,0,5.0,10.0,0.5,0.7079509086484322,-0.7062616448200052,2.0,0,0,0,0,0,0,7510000.0,6100552.0,1409448.0,123.10361423031884
469,1,0,0,1000.0,2024.0,5.0,1,0,5.0,5.0,1.0,,,2.0,0,0,0,0,0,0,4300000.0,3495959.0,804041.0,122.99915416628168
3408,1,0,0,1152.0,2024.0,5.0,1,0,6.0,11.0,0.5454545454545454,-0.7090748404422167,0.7051332290084228,3.0,0,0,0,0,0,0,11500000.0,9350367.0,2149633.0,122.98982489136523
3211,1,0,0,1320.0,2024.0,9.0,0,0,4.0,13.0,0.3076923076923077,-0.8564779741650012,-0.5161835717748248,3.0,0,0,0,0,0,0,12900000.0,10522670.0,2377330.0,122.59245989848584
1617,0,0,1,1750.0,2024.0,5.0,1,1,11.0,11.0,1.0,,,3.0,0,0,0,0,0,0,9000000.0,7389930.0,1610070.0,121.78735116570793
3377,0,0,1,2204.0,2025.0,6.0,0,0,8.0,14.0,0.5714285714285714,-0.8564779741650012,-0.5161835717748248,3.0,0,0,0,0,0,0,12800000.0,10520101.0,2279899.0,121.67183566013291
2028,0,0,1,1325.0,2024.0,5.0,1,1,5.0,10.0,0.5,,,2.0,0,0,0,0,0,0,6300000.0,5181645.0,1118355.0,121.58301080062412
4285,0,0,1,3800.0,2024.0,5.0,1,0,12.0,19.0,0.631578947368421,-0.8564779741650012,-0.5161835717748248,4.0,0,0,0,0,0,0,28400000.0,23383044.0,5016956.0,121.45552991304298
2262,0,0,1,1385.0,2024.0,11.0,0,0,1.0,7.0,0.14285714285714285,0.0,1.0,2.0,0,0,0,0,0,0,6580000.0,5425932.0,1154068.0,121.26948881777362
3351,0,0,1,2250.0,2024.0,5.0,0,0,13.0,13.0,1.0,0.0,1.0,3.0,0,0,0,0,0,0,14600000.0,12090699.0,2509301.0,120.75397791310493
4227,0,0,1,2359.0,2024.0,9.0,0,0,5.0,12.0,0.4166666666666667,0.7079509086484322,-0.7062616448200052,3.0,0,0,0,0,0,0,15300000.0,12681123.0,2618877.0,120.65177508332661
4287,0,0,1,2350.0,2024.0,5.0,0,0,1.0,13.0,0.07692307692307693,-0.8564779741650012,-0.5161835717748248,3.0,0,0,0,0,0,0,15200000.0,12599200.0,2600800.0,120.64258048130041
247,0,0,1,144.0,2024.0,5.0,1,0,1.0,5.0,0.2,,,,0,0,0,0,1,0,2100000.0,1740986.0,359014.0,120.62130310065675
2343,0,0,1,1850.0,2024.0,5.0,1,0,10.0,12.0,0.8333333333333334,-0.8564779741650012,-0.5161835717748248,3.0,0,0,0,0,0,0,9500000.0,7879604.0,1620396.0,120.56443445635085
2619,1,0,0,1020.0,2024.0,5.0,1,0,3.0,5.0,0.6,-0.7090748404422167,0.7051332290084228,3.0,0,0,0,0,0,0,8800000.0,7303041.0,1496959.0,120.49774881450071
3848,0,0,1,3500.0,2024.0,5.0,1,1,0.0,4.0,0.0,,,2.0,0,0,0,0,0,0,15000000.0,12455693.0,2544307.0,120.42686023170288
1695,0,0,1,882.0,2024.0,5.0,1,0,1.0,2.0,0.5,0.9999996829318346,0.0007963267107332633,4.0,0,1,0,0,0,0,9700000.0,8055033.0,1644967.0,120.42160472837293
4009,0,0,1,2890.0,2024.0,5.0,1,2,9.0,12.0,0.75,0.7079509086484322,-0.7062616448200052,3.0,0,0,0,0,0,0,20000000.0,16609611.0,3390389.0,120.41221194162826
3772,1,0,0,2400.0,2024.0,5.0,1,0,13.0,13.0,1.0,-0.8564779741650012,-0.5161835717748248,5.0,0,0,0,0,0,0,25100000.0,20864772.0,4235228.0,120.29846288279593
4503,0,0,1,3800.0,2024.0,5.0,0,0,1.0,20.0,0.05,-0.7090748404422167,0.7051332290084228,4.0,0,0,0,0,0,0,25800000.0,21449916.0,4350084.0,120.28019130704288
1571,1,0,0,783.0,2024.0,5.0,1,0,5.0,5.0,1.0,-0.7090748404422167,0.7051332290084228,2.0,0,0,0,0,0,0,5000000.0,4176075.0,823925.0,119.72965044928551
1767,0,0,1,912.0,2024.0,5.0,1,0,0.0,2.0,0.0,,,4.0,0,1,0,0,0,0,8000000.0,6707453.0,1292547.0,119.27031020567718
3933,0,0,1,2536.0,2026.0,11.0,0,0,6.0,13.0,0.46153846153846156,,,3.0,0,0,0,0,0,0,15900000.0,13370427.0,2529573.0,118.9191639130149
1736,0,0,1,475.0,2024.0,5.0,1,0,0.0,3.0,0.0,,,,0,0,0,1,0,0,6000000.0,5056368.0,943632.0,118.6622492666673
2935,1,0,0,943.0,2024.0,5.0,1,0,2.0,12.0,0.16666666666666666,-0.7090748404422167,0.7051332290084228,2.0,0,0,0,0,0,0,5960000.0,5023372.0,936628.0,118.64540392389813
3154,1,0,0,1160.0,2024.0,5.0,1,0,2.0,10.0,0.2,,,,0,0,0,1,0,0,11500000.0,9704723.0,1795277.0,118.49900301121423
2062,0,0,1,1525.0,2024.0,5.0,1,1,4.0,9.0,0.4444444444444444,,,3.0,0,0,0,0,0,0,6500000.0,5489588.0,1010412.0,118.40597144995218
1197,1,0,0,610.0,2024.0,5.0,1,0,8.0,14.0,0.5714285714285714,,,2.0,0,0,0,0,0,0,3800000.0,3209333.0,590667.0,118.40466539308947
2514,1,0,0,980.0,2025.0,12.0,0,0,8.0,14.0,0.5714285714285714,-0.8564779741650012,-0.5161835717748248,3.0,0,0,0,0,0,0,8600000.0,7265382.0,1334618.0,118.36955028655065
833,1,0,0,878.0,2024.0,5.0,1,0,1.0,7.0,0.14285714285714285,,,2.0,0,0,0,0,0,0,3800000.0,3212472.0,587528.0,118.28896874431902
219,0,0,1,1200.0,2024.0,5.0,1,0,4.0,7.0,0.5714285714285714,,,2.0,0,0,0,0,0,0,4500000.0,3805559.0,694441.0,118.2480681550332
3134,0,0,1,2160.0,2024.0,5.0,1,0,10.0,13.0,0.7692307692307693,-0.8564779741650012,-0.5161835717748248,3.0,0,0,0,0,0,0,12100000.0,10246888.0,1853112.0,118.084632134166
1738,1,0,0,900.0,2024.0,5.0,1,2,3.0,4.0,0.75,,,3.0,0,0,0,0,0,0,7000000.0,5932700.0,1067300.0,117.99012254117012
2038,0,0,1,1650.0,2024.0,5.0,0,0,3.0,12.0,0.25,0.7079509086484322,-0.7062616448200052,3.0,0,0,0,0,0,0,8250000.0,7006948.0,1243052.0,117.74027722198024
3426,0,0,1,1953.0,2025.0,4.0,0,0,5.0,13.0,0.38461538461538464,0.7079509086484322,-0.7062616448200052,3.0,0,0,0,0,0,0,10600000.0,9003280.0,1596720.0,117.73486995850402
2425,0,0,1,1283.0,2024.0,5.0,1,2,2.0,12.0,0.16666666666666666,-0.8564779741650012,-0.5161835717748248,2.0,0,0,0,0,0,0,6300000.0,5351162.0,948838.0,117.73143851746593
2578,1,0,0,985.0,2025.0,12.0,0,0,6.0,13.0,0.46153846153846156,-0.8564779741650012,-0.5161835717748248,3.0,0,0,0,0,0,0,8690000.0,7396798.0,1293202.0,117.48326775991448
3535,1,0,0,1322.0,2024.0,5.0,0,0,8.0,14.0,0.5714285714285714,-0.8564779741650012,-0.5161835717748248,4.0,0,0,0,0,0,0,13200000.0,11237574.0,1962426.0,117.46307521534452
3254,1,0,0,1898.0,2025.0,9.0,0,0,9.0,10.0,0.9,0.0,1.0,3.0,0,0,0,0,0,0,12800000.0,10920933.0,1879067.0,117.20610317818083
739,0,0,1,1021.0,2024.0,5.0,1,0,7.0,8.0,0.875,,,2.0,0,0,0,0,0,0,4000000.0,3416330.0,583670.0,117.0847078590183
4331,0,0,1,5600.0,2025.0,12.0,0,0,9.0,13.0,0.6923076923076923,-0.8564779741650012,-0.5161835717748248,5.0,0,0,0,0,0,0,33600000.0,28716084.0,4883916.0,117.00759755403976
1637,0,0,1,1515.0,2024.0,5.0,1,0,3.0,5.0,0.6,-0.8564779741650012,-0.5161835717748248,3.0,0,0,0,0,0,0,6500000.0,5557704.0,942296.0,116.95477125086187
412,0,0,1,600.0,2024.0,5.0,1,0,1.0,5.0,0.2,,,1.0,1,0,0,0,0,0,2100000.0,1799642.0,300358.0,116.68987498624726
3310,0,0,1,1902.0,2024.0,7.0,0,0,4.0,12.0,0.3333333333333333,-0.8564779741650012,-0.5161835717748248,3.0,0,0,0,0,0,0,10400000.0,8912521.0,1487479.0,116.68976712649541
4243,0,0,1,2565.0,2024.0,9.0,0,0,5.0,12.0,0.4166666666666667,0.7079509086484322,-0.7062616448200052,3.0,0,0,0,0,0,0,16600000.0,14226042.0,2373958.0,116.68741031412672
2189,0,0,1,1755.0,2024.0,5.0,1,0,8.0,14.0,0.5714285714285714,-0.8564779741650012,-0.5161835717748248,3.0,0,0,0,0,0,0,8000000.0,6856648.0,1143352.0,116.67508671875821
170,1,0,0,110.0,2024.0,5.0,1,0,0.0,4.0,0.0,,,,0,0,0,0,1,0,3500000.0,3003158.0,496842.0,116.54398469877376
2735,0,0,1,1700.0,2024.0,5.0,0,0,4.0,10.0,0.4,-0.8564779741650012,-0.5161835717748248,3.0,0,0,0,0,0,0,8500000.0,7302366.0,1197634.0,116.40062960415842
3133,0,0,1,2113.0,2024.0,5.0,1,0,10.0,14.0,0.7142857142857143,,,3.0,0,0,0,0,0,0,11000000.0,9455048.0,1544952.0,116.33996992929067
4299,0,0,1,2962.0,2024.0,12.0,0,0,5.0,14.0,0.35714285714285715,0.7079509086484322,-0.7062616448200052,4.0,0,0,0,0,0,0,17700000.0,15228730.0,2471270.0,116.22768280743043
2393,0,0,1,1550.0,2024.0,5.0,1,1,2.0,9.0,0.2222222222222222,0.9999996829318346,0.0007963267107332633,3.0,0,0,0,0,0,0,6500000.0,5599163.0,900837.0,116.08877969796556
3147,0,0,1,5000.0,2024.0,5.0,1,1,0.0,1.0,0.0,,,3.0,0,1,0,0,0,0,15000000.0,12924973.0,2075027.0,116.05440104207567
1246,0,0,1,1205.0,2024.0,5.0,1,1,4.0,5.0,0.8,-0.8564779741650012,-0.5161835717748248,2.0,0,0,0,0,0,0,4500000.0,3878212.0,621788.0,116.03285225253286
2315,1,0,0,1179.0,2024.0,5.0,1,0,11.0,12.0,0.9166666666666666,-0.8564779741650012,-0.5161835717748248,3.0,0,0,0,0,0,0,9900000.0,8533171.0,1366829.0,116.01783205797705
2843,0,0,1,1715.0,2024.0,7.0,0,0,7.0,12.0,0.5833333333333334,-0.8564779741650012,-0.5161835717748248,3.0,0,0,0,0,0,0,8400000.0,7246540.0,1153460.0,115.91738954038755
458,1,0,0,342.0,2024.0,5.0,0,0,6.0,10.0,0.6,,,,0,0,0,1,0,0,5000000.0,4317996.0,682004.0,115.79445650250719
1477,1,0,0,200.0,2024.0,5.0,1,0,0.0,6.0,0.0,,,,0,0,0,0,1,0,4000000.0,3458461.0,541539.0,115.65838099663407
811,1,0,0,449.0,2024.0,5.0,1,1,3.0,5.0,0.6,0.0015926529164868282,-0.9999987317275395,1.0,0,0,0,0,0,0,2400000.0,2077459.0,322541.0,115.52574563445054
2143,1,0,0,1000.0,2024.0,10.0,1,0,8.0,13.0,0.6153846153846154,-0.8564779741650012,-0.5161835717748248,3.0,0,0,0,0,0,0,8400000.0,7271864.0,1128136.0,115.51371147755238
1580,0,0,1,882.3199999999999,2024.0,5.0,1,2,1.0,2.0,0.5,0.706825181105366,0.7073882691671998,3.0,0,1,0,0,0,0,8500000.0,7371910.0,1128090.0,115.3025471010905
349,0,0,1,1180.0,2024.0,5.0,1,2,5.0,8.0,0.625,-0.7056976606684764,-0.7085130991922731,2.0,0,0,0,0,0,0,5000000.0,4345558.0,654442.0,115.06002221118669
2041,0,0,1,1700.0,2024.0,5.0,1,1,6.0,12.0,0.5,,,3.0,0,0,0,0,0,0,7570000.0,6586450.0,983550.0,114.93293048607369
3594,1,0,0,1410.0,2024.0,5.0,1,0,7.0,13.0,0.5384615384615384,-0.7090748404422167,0.7051332290084228,3.0,0,0,0,0,0,0,13100000.0,11400267.0,1699733.0,114.90958939821321
248,0,0,1,650.0,2024.0,5.0,1,0,3.0,4.0,0.75,-0.8564779741650012,-0.5161835717748248,1.0,1,0,0,0,0,0,2200000.0,1920145.0,279855.0,114.57468055797871
2985,1,0,0,706.0,2025.0,9.0,0,0,9.0,13.0,0.6923076923076923,-0.8564779741650012,-0.5161835717748248,2.0,0,0,0,0,0,0,5850000.0,5106743.0,743257.0,114.55442343583768
3773,0,0,1,3882.0,,,1,0,4.0,11.0,0.36363636363636365,,,4.0,0,0,0,0,0,0,27300000.0,23844640.0,3455360.0,114.49113930845674
4002,1,0,0,1800.0,2024.0,5.0,1,0,7.0,12.0,0.5833333333333334,-0.8564779741650012,-0.5161835717748248,4.0,0,0,0,0,0,0,17200000.0,15026784.0,2173216.0,114.46228281447316
2833,1,0,0,816.0,2024.0,5.0,1,0,10.0,12.0,0.8333333333333334,-0.7090748404422167,0.7051332290084228,2.0,0,0,0,0,0,0,6500000.0,5679538.0,820462.0,114.44592852446802
2286,0,0,1,1715.0,2024.0,10.0,0,0,10.0,13.0,0.7692307692307693,-0.8564779741650012,-0.5161835717748248,3.0,0,0,0,0,0,0,8200000.0,7177158.0,1022842.0,114.25135130089097
4492,0,0,1,2855.0,2026.0,2.0,0,0,7.0,14.0,0.5,-0.8564779741650012,-0.5161835717748248,4.0,0,0,0,0,0,0,16800000.0,14713896.0,2086104.0,114.17778132997543
2419,0,0,1,1365.0,2024.0,5.0,0,0,5.0,10.0,0.5,0.7079509086484322,-0.7062616448200052,2.0,0,0,0,0,0,0,6960000.0,6100552.0,859448.0,114.08803662357113
4184,0,0,1,2829.0,2024.0,5.0,0,0,3.0,19.0,0.15789473684210525,0.0,1.0,3.0,0,0,0,0,0,0,18900000.0,16624634.0,2275366.0,113.68671334358397
3347,1,0,0,1317.0,2024.0,10.0,0,0,5.0,13.0,0.38461538461538464,0.7079509086484322,-0.7062616448200052,3.0,0,0,0,0,0,0,12000000.0,10557147.0,1442853.0,113.66707312117563
2216,1,0,0,688.0,2024.0,5.0,0,0,2.0,13.0,0.15384615384615385,-0.8564779741650012,-0.5161835717748248,2.0,0,0,0,0,0,0,5000000.0,4401305.0,598695.0,113.60267011715844
340,0,0,1,851.0,2024.0,5.0,1,0,4.0,4.0,1.0,,,1.0,0,0,0,0,0,0,2350000.0,2071566.0,278434.0,113.44074965509185
1747,0,0,1,1857.0,2024.0,5.0,1,1,7.0,15.0,0.4666666666666667,-0.7090748404422167,0.7051332290084228,3.0,0,0,0,0,0,0,8300000.0,7317780.0,982220.0,113.42237673174105
3621,0,0,1,2536.0,2025.0,12.0,0,0,9.0,13.0,0.6923076923076923,-0.8564779741650012,-0.5161835717748248,3.0,0,0,0,0,0,0,16000000.0,14123413.0,1876587.0,113.28706453602963
4158,0,0,1,2500.0,2025.0,6.0,0,0,5.0,13.0,0.38461538461538464,0.7079509086484322,-0.7062616448200052,3.0,0,0,0,0,0,0,16200000.0,14308414.0,1891586.0,113.22009553260062
3298,0,0,1,1728.0,2024.0,5.0,0,2,2.0,3.0,0.6666666666666666,0.7079509086484322,-0.7062616448200052,6.0,0,1,0,0,0,0,14500000.0,12812410.0,1687590.0,113.1715266682849
2236,0,0,1,1715.0,2024.0,5.0,0,0,2.0,13.0,0.15384615384615385,-0.8564779741650012,-0.5161835717748248,3.0,0,0,0,0,0,0,8000000.0,7093102.0,906898.0,112.78563314047929
200,0,0,1,1200.0,2024.0,5.0,1,0,4.0,8.0,0.5,0.0,1.0,2.0,0,0,0,0,0,0,4500000.0,3993570.0,506430.0,112.68113492439096
1503,1,0,0,832.0,2026.0,3.0,0,0,8.0,14.0,0.5714285714285714,-0.8564779741650012,-0.5161835717748248,3.0,0,0,0,0,0,0,6940000.0,6160425.0,779575.0,112.65456522886001
1808,1,0,0,1000.0,2024.0,5.0,1,2,1.0,11.0,0.09090909090909091,,,2.0,0,0,0,0,0,0,5100000.0,4530334.0,569666.0,112.57448126341237
3372,0,0,1,2380.0,2024.0,5.0,0,0,8.0,14.0,0.5714285714285714,-0.8564779741650012,-0.5161835717748248,3.0,0,0,0,0,0,0,13900000.0,12350208.0,1549792.0,112.5487117301992
4332,0,0,1,2400.0,2024.0,5.0,0,0,1.0,20.0,0.05,-0.8564779741650012,-0.5161835717748248,3.0,0,0,0,0,0,0,15100000.0,13425446.0,1674554.0,112.47298599986921
1243,0,0,1,1140.0,2024.0,5.0,1,0,1.0,5.0,0.2,0.7079509086484322,-0.7062616448200052,2.0,0,0,0,0,0,0,4200000.0,3735382.0,464618.0,112.43829948315862
3403,0,0,1,2400.0,2024.0,5.0,0,0,10.0,19.0,0.5263157894736842,-0.8564779741650012,-0.5161835717748248,3.0,0,0,0,0,0,0,15000000.0,13344695.0,1655305.0,112.404217556115
4273,0,0,1,2400.0,2024.0,5.0,0,0,10.0,19.0,0.5263157894736842,-0.8564779741650012,-0.5161835717748248,3.0,0,0,0,0,0,0,15000000.0,13344695.0,1655305.0,112.404217556115
1417,1,0,0,760.0,2024.0,5.0,0,0,0.0,1.0,0.0,-0.8564779741650012,-0.5161835717748248,2.0,0,1,0,0,0,0,3300000.0,2936020.0,363980.0,112.39705451597742
55,1,0,0,500.0,2024.0,5.0,1,2,5.0,12.0,0.4166666666666667,-0.8564779741650012,-0.5161835717748248,1.0,0,0,0,0,0,0,2800000.0,2492958.0,307042.0,112.31637275878694
1366,0,0,1,690.0,2024.0,5.0,1,1,2.0,7.0,0.2857142857142857,0.7079509086484322,-0.7062616448200052,1.0,0,0,0,0,0,0,2550000.0,2271389.0,278611.0,112.26610677431299
1830,0,0,1,1750.0,2024.0,5.0,1,2,3.0,11.0,0.2727272727272727,,,3.0,0,0,0,0,0,0,8500000.0,7575805.0,924195.0,112.19929763239682
2665,0,0,1,1953.0,2024.0,12.0,0,0,6.0,14.0,0.42857142857142855,-0.8564779741650012,-0.5161835717748248,3.0,0,0,0,0,0,0,9900000.0,8850740.0,1049260.0,111.85505392769419
4376,1,0,0,2600.0,2024.0,5.0,0,0,5.0,13.0,0.38461538461538464,-0.7090748404422167,0.7051332290084228,4.0,0,0,0,0,0,0,27800000.0,24866584.0,2933416.0,111.79661830511178
3448,0,0,1,1906.0,2024.0,5.0,0,2,6.0,12.0,0.5,-0.8564779741650012,-0.5161835717748248,3.0,0,0,0,0,0,0,10400000.0,9314091.0,1085909.0,111.65877593422697
62,0,0,1,813.0,2025.0,2.0,0,0,7.0,14.0,0.5,-0.8564779741650012,-0.5161835717748248,1.0,0,0,0,0,0,0,2900000.0,2612613.0,287387.0,110.99998354138174
2670,0,0,1,1885.0,2024.0,5.0,0,0,6.0,12.0,0.5,0.7079509086484322,-0.7062616448200052,3.0,0,0,0,0,0,0,9430000.0,8499506.0,930494.0,110.94762448547009
3292,0,0,1,1962.0,2024.0,5.0,1,0,10.0,13.0,0.7692307692307693,-0.8564779741650012,-0.5161835717748248,3.0,0,0,0,0,0,0,10200000.0,9225423.0,974577.0,110.56403592550717
1807,0,0,1,1280.0,2024.0,5.0,1,1,1.0,13.0,0.07692307692307693,-0.8564779741650012,-0.5161835717748248,2.0,0,0,0,0,0,0,5500000.0,4975209.0,524791.0,110.54811968703224
1771,0,0,1,630.0,2024.0,5.0,1,0,0.0,2.0,0.0,,,,0,0,0,0,1,0,8000000.0,7240716.0,759284.0,110.48631102228012
4387,0,0,1,4150.0,2024.0,5.0,1,0,2.0,19.0,0.10526315789473684,-0.8564779741650012,-0.5161835717748248,4.0,0,0,0,0,0,0,31100000.0,28201892.0,2898108.0,110.27628926456423
2811,1,0,0,1017.0,2024.0,5.0,1,0,6.0,13.0,0.46153846153846156,-0.7090748404422167,0.7051332290084228,3.0,0,0,0,0,0,0,8900000.0,8073398.0,826602.0,110.23858851006727
2841,1,0,0,700.0,2024.0,5.0,0,1,9.0,15.0,0.6,-0.8564779741650012,-0.5161835717748248,2.0,0,0,0,0,0,0,5510000.0,5007712.0,502288.0,110.03028928181173
4408,0,0,1,3830.0,2024.0,5.0,0,0,6.0,12.0,0.5,-0.8564779741650012,-0.5161835717748248,4.0,0,0,0,0,0,0,25000000.0,22746728.0,2253272.0,109.90591701804323
67,0,0,1,1250.0,2024.0,5.0,1,2,2.0,4.0,0.5,,,2.0,0,0,0,0,0,0,4500000.0,4094732.0,405268.0,109.89730219218255
205,0,0,1,1150.0,2024.0,5.0,1,0,2.0,3.0,0.6666666666666666,,,2.0,0,0,0,0,0,0,4480000.0,4079686.0,400314.0,109.81237281496665
1810,1,0,0,510.0,2024.0,5.0,1,0,2.0,6.0,0.3333333333333333,,,,0,0,0,1,0,0,5950000.0,5423201.0,526799.0,109.71380186719983
1931,0,0,1,1700.0,2024.0,5.0,1,2,3.0,13.0,0.23076923076923078,,,3.0,0,0,0,0,0,0,8100000.0,7413613.0,686387.0,109.25846817199655
1716,1,0,0,1205.0,2024.0,5.0,1,2,13.0,13.0,1.0,,,2.0,0,0,0,0,0,0,6500000.0,5954744.0,545256.0,109.15666567697957
94,1,0,0,1000.0,2024.0,5.0,1,2,3.0,5.0,0.6,,,2.0,0,0,0,0,0,0,4000000.0,3666058.0,333942.0,109.10902118842638
1544,1,0,0,1105.0,2024.0,5.0,1,0,7.0,10.0,0.7,-0.8564779741650012,-0.5161835717748248,3.0,0,0,0,0,0,0,8450000.0,7749516.0,700484.0,109.03906773016534
1577,0,0,1,1280.0,2024.0,5.0,1,1,5.0,13.0,0.38461538461538464,-0.8564779741650012,-0.5161835717748248,2.0,0,0,0,0,0,0,5100000.0,4677866.0,422134.0,109.02407208757154
4436,0,0,1,4000.0,2024.0,7.0,0,0,7.0,12.0,0.5833333333333334,-0.8564779741650012,-0.5161835717748248,4.0,0,0,0,0,0,0,29200000.0,26803116.0,2396884.0,108.94255727580331
276,1,0,0,580.0,2024.0,5.0,1,0,9.0,11.0,0.8181818181818182,0.7079509086484322,-0.7062616448200052,1.0,0,0,0,0,0,0,2650000.0,2434956.0,215044.0,108.83153535423227
2951,1,0,0,688.0,2024.0,5.0,0,0,7.0,13.0,0.5384615384615384,-0.7090748404422167,0.7051332290084228,2.0,0,0,0,0,0,0,6060000.0,5573559.0,486441.0,108.727654986697
3981,1,0,0,1750.0,2024.0,5.0,0,0,9.0,14.0,0.6428571428571429,-0.8564779741650012,-0.5161835717748248,4.0,0,0,0,0,0,0,17300000.0,15939250.0,1360750.0,108.53710180842889
3689,1,0,0,1807.0,2024.0,9.0,0,0,4.0,13.0,0.3076923076923077,-0.8564779741650012,-0.5161835717748248,4.0,0,0,0,0,0,0,18900000.0,17419012.0,1480988.0,108.50213548277021
3524,0,0,1,2325.0,2024.0,7.0,0,0,6.0,12.0,0.5,-0.8564779741650012,-0.5161835717748248,3.0,0,0,0,0,0,0,13900000.0,12818203.0,1081797.0,108.43953711764433
2198,0,0,1,1919.0,2024.0,5.0,1,0,7.0,12.0,0.5833333333333334,-0.8564779741650012,-0.5161835717748248,3.0,0,0,0,0,0,0,9000000.0,8303225.0,696775.0,108.3916189191549
59,1,0,0,750.0,2024.0,5.0,1,0,3.0,5.0,0.6,-0.8564779741650012,-0.5161835717748248,2.0,0,0,0,0,0,0,3800000.0,3510342.0,289658.0,108.25156067414514
252,0,0,1,1127.0,2024.0,5.0,1,0,16.0,19.0,0.8421052631578947,-0.8564779741650012,-0.5161835717748248,2.0,0,0,0,0,0,0,4800000.0,4434522.0,365478.0,108.24165490666186
3078,1,0,0,1840.0,,,1,2,1.0,12.0,0.08333333333333333,0.0015926529164868282,-0.9999987317275395,3.0,0,0,0,0,0,0,10500000.0,9721637.0,778363.0,108.00650137420271
2131,0,0,1,1290.0,2024.0,7.0,0,0,6.0,12.0,0.5,-0.8564779741650012,-0.5161835717748248,2.0,0,0,0,0,0,0,5680000.0,5259516.0,420484.0,107.99472803200902
781,0,0,1,1235.0,2024.0,5.0,1,0,1.0,11.0,0.09090909090909091,,,2.0,0,0,0,0,0,0,5000000.0,4632105.0,367895.0,107.94228541883226
2100,1,0,0,1800.0,2026.0,1.0,0,0,0.0,2.0,0.0,-0.7090748404422167,0.7051332290084228,3.0,0,1,0,0,0,0,5310000.0,4922098.0,387902.0,107.88082642808006
2225,1,0,0,1512.0,2025.0,12.0,0,0,1.0,2.0,0.5,-0.8564779741650012,-0.5161835717748248,3.0,0,1,0,0,0,0,5920000.0,5489818.0,430182.0,107.835997477512
2789,1,0,0,719.0,2026.0,9.0,0,0,7.0,10.0,0.7,-0.8564779741650012,-0.5161835717748248,2.0,0,0,0,0,0,0,5150000.0,4778830.0,371170.0,107.76696388028031
2361,0,0,1,1275.0,2024.0,5.0,0,0,11.0,13.0,0.8461538461538461,-0.8564779741650012,-0.5161835717748248,2.0,0,0,0,0,0,0,5500000.0,5107026.0,392974.0,107.6947718691857
1153,1,0,0,424.0,2025.0,12.0,0,0,5.0,14.0,0.35714285714285715,-0.8564779741650012,-0.5161835717748248,1.0,0,0,0,0,0,0,2850000.0,2646969.0,203031.0,107.67032027953482
564,1,0,0,1080.0,2024.0,5.0,1,0,1.0,2.0,0.5,0.0,1.0,2.0,0,1,0,0,0,0,4100000.0,3808071.0,291929.0,107.6660597977296
2679,0,0,1,1319.0,2024.0,5.0,1,2,6.0,8.0,0.75,-0.8564779741650012,-0.5161835717748248,2.0,0,0,0,0,0,0,5500000.0,5109822.0,390178.0,107.6358432837778
4125,0,0,1,4000.0,2024.0,12.0,0,0,4.0,12.0,0.3333333333333333,-0.8564779741650012,-0.5161835717748248,4.0,0,0,0,0,0,0,30400000.0,28248944.0,2151056.0,107.61464216149106
3902,0,0,1,3636.0,2024.0,5.0,0,0,6.0,10.0,0.6,-0.7090748404422167,0.7051332290084228,4.0,0,0,0,0,0,0,23600000.0,21965328.0,1634672.0,107.44205595290906
2961,1,0,0,902.0,2024.0,5.0,1,0,8.0,13.0,0.6153846153846154,-0.7090748404422167,0.7051332290084228,3.0,0,0,0,0,0,0,7400000.0,6899434.0,500566.0,107.25517484477712
2554,0,0,1,1865.0,2024.0,5.0,1,0,5.0,13.0,0.38461538461538464,-0.8564779741650012,-0.5161835717748248,3.0,0,0,0,0,0,0,8600000.0,8029937.0,570063.0,107.09922132639397
2908,1,0,0,944.0,2024.0,5.0,0,0,8.0,13.0,0.6153846153846154,-0.7090748404422167,0.7051332290084228,3.0,0,0,0,0,0,0,8400000.0,7845180.0,554820.0,107.07211306815141
1311,1,0,0,662.0,2026.0,4.0,0,0,0.0,14.0,0.0,-0.8564779741650012,-0.5161835717748248,2.0,0,0,0,0,0,0,4280000.0,3999370.0,280630.0,107.01685515468687
2792,1,0,0,737.0,2025.0,11.0,0,0,2.0,14.0,0.14285714285714285,-0.8564779741650012,-0.5161835717748248,2.0,0,0,0,0,0,0,5090000.0,4763209.0,326791.0,106.86073191413603
1685,0,0,1,1500.0,2024.0,5.0,1,1,4.0,5.0,0.8,,,2.0,0,0,0,0,0,0,5000000.0,4684214.0,315786.0,106.74149387709441
1561,0,0,1,1206.0,2025.0,11.0,0,0,6.0,14.0,0.42857142857142855,-0.8564779741650012,-0.5161835717748248,2.0,0,0,0,0,0,0,5150000.0,4825644.0,324356.0,106.7215070154367
4080,0,0,1,3047.0,2025.0,12.0,0,0,9.0,13.0,0.6923076923076923,-0.8564779741650012,-0.5161835717748248,4.0,0,0,0,0,0,0,18000000.0,16867120.0,1132880.0,106.71649931938587
738,0,0,1,1180.0,2024.0,5.0,0,2,8.0,8.0,1.0,,,2.0,0,0,0,0,0,0,4500000.0,4216884.0,283116.0,106.71386739592552
3209,0,0,1,2025.0,2025.0,10.0,0,0,9.0,13.0,0.6923076923076923,0.7079509086484322,-0.7062616448200052,3.0,0,0,0,0,0,0,10500000.0,9851141.0,648859.0,106.5866380351271
3156,1,0,0,1450.0,2024.0,5.0,0,1,1.0,2.0,0.5,0.9999996829318346,0.0007963267107332633,4.0,0,1,0,0,0,0,11100000.0,10420449.0,679551.0,106.52132168201199
3232,0,0,1,1423.0,2024.0,5.0,1,0,1.0,3.0,0.3333333333333333,,,,0,0,0,0,1,0,15000000.0,14111350.0,888650.0,106.29741307529046
4321,0,0,1,3551.0,2025.0,10.0,0,0,5.0,12.0,0.4166666666666667,0.7079509086484322,-0.7062616448200052,4.0,0,0,0,0,0,0,22700000.0,21355332.0,1344668.0,106.29663823535968
2223,0,0,1,1296.0,2025.0,12.0,0,0,6.0,14.0,0.42857142857142855,-0.8564779741650012,-0.5161835717748248,2.0,0,0,0,0,0,0,5560000.0,5232110.0,327890.0,106.26687894558793
1563,0,0,1,1380.0,2024.0,5.0,1,1,7.0,10.0,0.7,,,2.0,0,0,0,0,0,0,6000000.0,5647455.0,352545.0,106.24254642135263
2306,0,0,1,1299.0,2024.0,5.0,1,1,9.0,11.0,0.8181818181818182,-0.8564779741650012,-0.5161835717748248,2.0,0,0,0,0,0,0,5600000.0,5271572.0,328428.0,106.23017194870903
2301,0,0,1,1850.0,2024.0,5.0,1,2,3.0,12.0,0.25,-0.8564779741650012,-0.5161835717748248,3.0,0,0,0,0,0,0,9300000.0,8755880.0,544120.0,106.21433825041
3252,0,0,1,2260.0,2024.0,5.0,0,0,8.0,13.0,0.6153846153846154,-0.8564779741650012,-0.5161835717748248,3.0,0,0,0,0,0,0,13000000.0,12243328.0,756672.0,106.1802803943503
2179,0,0,1,1859.0,2024.0,5.0,0,0,12.0,14.0,0.8571428571428571,-0.8564779741650012,-0.5161835717748248,3.0,0,0,0,0,0,0,8470000.0,7984532.0,485468.0,106.08010588472811
2226,0,0,1,1307.0,2024.0,5.0,0,0,7.0,14.0,0.5,0.7079509086484322,-0.7062616448200052,2.0,0,0,0,0,0,0,5560000.0,5244704.0,315296.0,106.01170247167428
880,0,0,1,614.0,2024.0,5.0,1,0,4.0,5.0,0.8,,,,0,0,0,1,0,0,4200000.0,3961883.0,238117.0,106.01019767620599
3446,0,0,1,2025.0,2025.0,12.0,0,0,5.0,13.0,0.38461538461538464,0.7079509086484322,-0.7062616448200052,3.0,0,0,0,0,0,0,10500000.0,9906292.0,593708.0,105.99324146714028
2167,1,0,0,750.0,2025.0,4.0,0,0,8.0,14.0,0.5714285714285714,-0.8564779741650012,-0.5161835717748248,2.0,0,0,0,0,0,0,5500000.0,5196848.0,303152.0,105.83338208083053
496,0,0,1,1100.0,2024.0,5.0,1,2,4.0,5.0,0.8,,,2.0,0,0,0,0,0,0,3800000.0,3593145.0,206855.0,105.75693438477991
3541,1,0,0,1350.0,2024.0,12.0,0,0,5.0,18.0,0.2777777777777778,-0.7090748404422167,0.7051332290084228,3.0,0,0,0,0,0,0,14200000.0,13437487.0,762513.0,105.6745208386062
4152,0,0,1,2500.0,2025.0,3.0,0,0,7.0,13.0,0.5384615384615384,0.7079509086484322,-0.7062616448200052,3.0,0,0,0,0,0,0,15000000.0,14196578.0,803422.0,105.65926521165876
2455,0,0,1,400.0,2024.0,5.0,1,0,0.0,4.0,0.0,,,,0,0,0,0,1,0,5600000.0,5310127.0,289873.0,105.45887132266327
3707,0,0,1,2750.0,2024.0,6.0,0,0,7.0,13.0,0.5384615384615384,0.7079509086484322,-0.7062616448200052,3.0,0,0,0,0,0,0,16200000.0,15369555.0,830445.0,105.40318180975312
2886,0,0,1,1400.0,2025.0,4.0,0,0,7.0,14.0,0.5,0.7079509086484322,-0.7062616448200052,2.0,0,0,0,0,0,0,6300000.0,5979904.0,320096.0,105.35286185196284
2893,1,0,0,765.0,2024.0,5.0,1,0,12.0,14.0,0.8571428571428571,-0.7090748404422167,0.7051332290084228,2.0,0,0,0,0,0,0,6300000.0,5981455.0,318545.0,105.3255437013235
2334,1,0,0,1600.0,2024.0,5.0,0,0,0.0,2.0,0.0,-0.7090748404422167,0.7051332290084228,3.0,0,1,0,0,0,0,5800000.0,5509686.0,290314.0,105.2691568993224
2899,1,0,0,1024.0,2024.0,5.0,1,0,8.0,14.0,0.5714285714285714,-0.8564779741650012,-0.5161835717748248,3.0,0,0,0,0,0,0,7820000.0,7430360.0,389640.0,105.24389127848448
3192,1,0,0,1572.0,2025.0,12.0,1,0,8.0,12.0,0.6666666666666666,-0.8564779741650012,-0.5161835717748248,4.0,0,0,0,0,0,0,14000000.0,13308499.0,691501.0,105.19593531922722
235,0,0,1,1150.0,2024.0,5.0,1,0,3.0,6.0,0.5,,,2.0,1,0,0,0,0,0,3200000.0,3043864.0,156136.0,105.12953272550942
3592,1,0,0,1374.0,2024.0,5.0,0,0,7.0,13.0,0.5384615384615384,-0.7090748404422167,0.7051332290084228,3.0,0,0,0,0,0,0,13500000.0,12843875.0,656125.0,105.10846609765355
2984,1,0,0,1184.0,2024.0,5.0,1,0,3.0,10.0,0.3,-0.7090748404422167,0.7051332290084228,3.0,0,0,0,0,0,0,9500000.0,9044606.0,455394.0,105.03497885922283
628,0,0,1,1200.0,2024.0,5.0,1,1,6.0,13.0,0.46153846153846156,,,2.0,0,0,0,0,0,0,4500000.0,4292663.0,207337.0,104.83003208031938
4379,0,0,1,3700.0,2025.0,3.0,0,0,6.0,13.0,0.46153846153846156,-0.8564779741650012,-0.5161835717748248,4.0,0,0,0,0,0,0,22200000.0,21187204.0,1012796.0,104.78022489423333
2000,1,0,0,950.0,2024.0,5.0,1,1,2.0,11.0,0.18181818181818182,-0.7090748404422167,0.7051332290084228,3.0,0,0,0,0,0,0,7200000.0,6874562.0,325438.0,104.73394523171076
2224,1,0,0,1134.0,2026.0,2.0,0,0,5.0,13.0,0.38461538461538464,-0.8564779741650012,-0.5161835717748248,3.0,0,0,0,0,0,0,9800000.0,9369522.0,430478.0,104.59444996233533
362,0,0,1,700.0,2024.0,5.0,1,0,3.0,10.0,0.3,,,1.0,0,0,0,0,0,0,2500000.0,2392484.0,107516.0,104.49390675130952
462,0,0,1,1155.0,2024.0,5.0,1,1,9.0,13.0,0.6923076923076923,,,2.0,0,0,0,0,0,0,4500000.0,4323060.0,176940.0,104.09293417162844
1319,0,0,1,768.0,2024.0,5.0,1,0,3.0,5.0,0.6,-0.7090748404422167,0.7051332290084228,1.0,0,0,0,0,0,0,2350000.0,2257927.0,92073.0,104.07776690743324
2067,0,0,1,837.0,2024.0,5.0,1,2,0.0,2.0,0.0,,,3.0,0,1,0,0,0,0,8600000.0,8269781.0,330219.0,103.99308034880247
355,0,0,1,865.0,2024.0,5.0,1,1,10.0,12.0,0.8333333333333334,,,2.0,0,0,0,0,0,0,4100000.0,3943679.0,156321.0,103.96383681329033
1861,1,0,0,1230.0,2024.0,5.0,1,1,8.0,12.0,0.6666666666666666,,,2.0,0,0,0,0,0,0,5200000.0,5004384.0,195616.0,103.90889268289563
4237,1,0,0,1686.0,2024.0,7.0,0,0,9.0,12.0,0.75,-0.8564779741650012,-0.5161835717748248,4.0,0,0,0,0,0,0,16500000.0,15882470.0,617530.0,103.88812319494384
381,1,0,0,630.0,2024.0,5.0,1,1,2.0,4.0,0.5,,,2.0,0,0,0,0,0,0,2700000.0,2599280.0,100720.0,103.87491920839618
3447,0,0,1,2575.0,2024.0,12.0,0,0,6.0,13.0,0.46153846153846156,,,3.0,0,0,0,0,0,0,13900000.0,13389976.0,510024.0,103.80899861209609
2914,1,0,0,949.0,2024.0,11.0,0,0,6.0,14.0,0.42857142857142855,-0.8564779741650012,-0.5161835717748248,3.0,0,0,0,0,0,0,7020000.0,6763200.0,256800.0,103.79701916252661
1593,1,0,0,310.0,2024.0,5.0,1,0,0.0,4.0,0.0,,,,0,0,0,0,1,0,5200000.0,5017608.0,182392.0,103.63503884719572
251,0,0,1,630.0,2024.0,5.0,1,0,1.0,4.0,0.25,-0.8564779741650012,-0.5161835717748248,1.0,0,0,0,0,0,0,2100000.0,2026590.0,73410.0,103.62234097671458
2772,0,0,1,1400.0,2024.0,12.0,0,0,10.0,13.0,0.7692307692307693,-0.8564779741650012,-0.5161835717748248,2.0,0,0,0,0,0,0,6300000.0,6082218.0,217782.0,103.58063456456182
3987,0,0,1,3800.0,2025.0,3.0,0,0,6.0,13.0,0.46153846153846156,-0.8564779741650012,-0.5161835717748248,4.0,0,0,0,0,0,0,22800000.0,22039948.0,760052.0,103.44851993298714
2873,1,0,0,770.0,2024.0,5.0,0,0,6.0,13.0,0.46153846153846156,-0.7090748404422167,0.7051332290084228,2.0,0,0,0,0,0,0,6300000.0,6091610.0,208390.0,103.42093469542534
1299,1,0,0,975.0,2024.0,12.0,1,0,9.0,13.0,0.6923076923076923,0.7079509086484322,-0.7062616448200052,2.0,0,0,0,0,0,0,4900000.0,4738602.0,161398.0,103.4060256590446
3246,0,0,1,2360.0,2024.0,12.0,0,0,7.0,13.0,0.5384615384615384,-0.8564779741650012,-0.5161835717748248,3.0,0,0,0,0,0,0,12900000.0,12476213.0,423787.0,103.3967598982159
4304,0,0,1,3376.0,2024.0,6.0,0,0,8.0,13.0,0.6153846153846154,-0.8564779741650012,-0.5161835717748248,4.0,0,0,0,0,0,0,19700000.0,19092876.0,607124.0,103.1798457183716
2894,1,0,0,1024.0,2025.0,10.0,1,0,8.0,14.0,0.5714285714285714,-0.8564779741650012,-0.5161835717748248,3.0,0,0,0,0,0,0,7920000.0,7679264.0,240736.0,103.13488375969364
84,0,0,1,1300.0,2024.0,5.0,1,2,4.0,4.0,1.0,,,2.0,0,0,0,0,0,0,4500000.0,4366146.0,133854.0,103.06572432529741
4098,0,0,1,4200.0,2024.0,12.0,0,0,5.0,12.0,0.4166666666666667,-0.8564779741650012,-0.5161835717748248,5.0,0,0,0,0,0,0,31900000.0,30959248.0,940752.0,103.03867845885661
2505,0,0,1,1857.0,2024.0,5.0,0,0,6.0,12.0,0.5,-0.8564779741650012,-0.5161835717748248,3.0,0,0,0,0,0,0,8300000.0,8059836.0,240164.0,102.97976286366124
4216,1,0,0,1860.0,2024.0,5.0,1,0,7.0,13.0,0.5384615384615384,-0.7090748404422167,0.7051332290084228,4.0,0,0,0,0,0,0,19000000.0,18483048.0,516952.0,102.79689800080594
1783,1,0,0,1140.0,2024.0,5.0,1,0,1.0,10.0,0.1,,,,0,0,0,1,0,0,9900000.0,9641550.0,258450.0,102.68058559049116
4186,0,0,1,2582.0,2024.0,5.0,0,0,5.0,11.0,0.45454545454545453,-0.7090748404422167,0.7051332290084228,3.0,0,0,0,0,0,0,15400000.0,15027529.0,372471.0,102.47859112432923
1010,1,0,0,935.0,2024.0,5.0,1,1,0.0,4.0,0.0,,,2.0,0,0,0,0,0,0,3500000.0,3418556.0,81444.0,102.38240941496937
2426,0,0,1,1311.0,2024.0,12.0,0,0,7.0,13.0,0.5384615384615384,0.7079509086484322,-0.7062616448200052,2.0,0,0,0,0,0,0,5570000.0,5440648.0,129352.0,102.37751091414111
2172,1,0,0,1100.0,2025.0,2.0,0,0,4.0,14.0,0.2857142857142857,-0.8564779741650012,-0.5161835717748248,3.0,0,0,0,0,0,0,8740000.0,8537208.0,202792.0,102.37539017439894
438,1,0,0,1000.0,2024.0,5.0,1,0,3.0,5.0,0.6,,,2.0,0,0,0,0,0,0,3500000.0,3419740.0,80260.0,102.34696204974647
1522,0,0,1,1773.0,2024.0,5.0,0,0,8.0,14.0,0.5714285714285714,-0.8564779741650012,-0.5161835717748248,3.0,0,0,0,0,0,0,7540000.0,7367454.0,172546.0,102.34200308546208
1398,1,0,0,420.0,2024.0,5.0,0,0,8.0,10.0,0.8,0.7079509086484322,-0.7062616448200052,1.0,0,0,0,0,0,0,2590000.0,2531062.0,58938.0,102.32858776276518
2565,0,0,1,1522.0,2024.0,5.0,0,0,4.0,14.0,0.2857142857142857,-0.8564779741650012,-0.5161835717748248,3.0,0,0,0,0,0,0,6470000.0,6324868.0,145132.0,102.29462496292412
2788,0,0,1,1550.0,2024.0,8.0,0,0,7.0,13.0,0.5384615384615384,-0.8564779741650012,-0.5161835717748248,3.0,0,0,0,0,0,0,6500000.0,6362916.0,137084.0,102.15442102331697
2544,0,0,1,1550.0,2024.0,5.0,0,0,6.0,14.0,0.42857142857142855,-0.8564779741650012,-0.5161835717748248,3.0,0,0,0,0,0,0,6370000.0,6239281.0,130719.0,102.0950971754598
2517,0,0,1,1321.0,2026.0,12.0,0,0,5.0,13.0,0.38461538461538464,-0.8564779741650012,-0.5161835717748248,2.0,0,0,0,0,0,0,5750000.0,5639210.0,110790.0,101.96463689062828
1306,0,0,1,1190.0,2024.0,5.0,0,0,8.0,13.0,0.6153846153846154,-0.8564779741650012,-0.5161835717748248,2.0,0,0,0,0,0,0,4800000.0,4711125.0,88875.0,101.88649207991722
3783,0,0,1,3780.0,,,0,0,7.0,13.0,0.5384615384615384,0.7079509086484322,-0.7062616448200052,4.0,0,0,0,0,0,0,21700000.0,21304760.0,395240.0,101.85517227136096
1786,0,0,1,1740.0,2024.0,5.0,1,1,1.0,12.0,0.08333333333333333,,,3.0,0,0,0,0,0,0,7000000.0,6873729.0,126271.0,101.83700870371817
1645,0,0,1,1311.0,2025.0,12.0,0,0,7.0,13.0,0.5384615384615384,-0.8564779741650012,-0.5161835717748248,2.0,0,0,0,0,0,0,5570000.0,5469944.0,100056.0,101.82919605758305
2810,0,0,1,2346.0,2024.0,5.0,1,2,12.0,12.0,1.0,-0.8564779741650012,-0.5161835717748248,3.0,0,1,0,0,0,0,9500000.0,9333635.0,166365.0,101.78242453234994
2232,0,0,1,1351.0,,,0,0,5.0,13.0,0.38461538461538464,-0.8564779741650012,-0.5161835717748248,2.0,0,0,0,0,0,0,5880000.0,5780300.0,99700.0,101.72482397107416
3180,0,0,1,2889.0,2024.0,5.0,1,0,0.0,3.0,0.0,-0.8564779741650012,-0.5161835717748248,2.0,0,1,0,0,0,0,10200000.0,10039097.0,160903.0,101.60276367486041
2213,0,0,1,1275.0,2024.0,7.0,0,0,7.0,12.0,0.5833333333333334,-0.8564779741650012,-0.5161835717748248,2.0,0,0,0,0,0,0,5170000.0,5089619.0,80381.0,101.57931271476312
3055,0,0,1,2260.0,2024.0,5.0,1,2,8.0,11.0,0.7272727272727273,,,3.0,0,0,0,0,0,0,12000000.0,11815463.0,184537.0,101.5618262272075
2310,1,0,0,867.0,2024.0,5.0,0,0,7.0,13.0,0.5384615384615384,-0.7090748404422167,0.7051332290084228,3.0,0,0,0,0,0,0,7600000.0,7484482.0,115518.0,101.54343346673824
1431,0,0,1,1127.0,2024.0,5.0,1,0,16.0,19.0,0.8421052631578947,-0.8564779741650012,-0.5161835717748248,2.0,0,0,0,0,0,0,4500000.0,4434522.0,65478.0,101.4765514749955
2433,1,0,0,1050.0,2024.0,5.0,1,0,6.0,12.0,0.5,-0.7090748404422167,0.7051332290084228,3.0,0,0,0,0,0,0,8900000.0,8770639.0,129361.0,101.4749324422086
3234,0,0,1,2400.0,2024.0,5.0,1,2,3.0,12.0,0.25,,,3.0,0,0,0,0,0,0,12500000.0,12324512.0,175488.0,101.42389410631432
2450,0,0,1,1650.0,2025.0,12.0,0,0,5.0,13.0,0.38461538461538464,-0.8564779741650012,-0.5161835717748248,3.0,0,0,0,0,0,0,6930000.0,6837972.0,92028.0,101.3458376255416
2239,0,0,1,1400.0,2025.0,4.0,0,0,5.0,12.0,0.4166666666666667,-0.8564779741650012,-0.5161835717748248,2.0,0,0,0,0,0,0,6300000.0,6225462.0,74538.0,101.19730872985812
792,1,0,0,400.0,2024.0,5.0,1,0,3.0,6.0,0.5,,,1.0,0,0,0,0,0,0,2100000.0,2075754.0,24246.0,101.16805748658078
1627,0,0,1,1276.0,2024.0,5.0,0,0,5.0,12.0,0.4166666666666667,-0.8564779741650012,-0.5161835717748248,2.0,0,0,0,0,0,0,5170000.0,5117098.0,52902.0,101.03382815806927
446,0,0,1,954.0,2024.0,5.0,1,1,0.0,2.0,0.0,,,2.0,0,0,0,0,0,1,3600000.0,3565013.0,34987.0,100.98139894581028
2259,0,0,1,1668.0,2024.0,5.0,1,2,5.0,13.0,0.38461538461538464,-0.8564779741650012,-0.5161835717748248,3.0,0,0,0,0,0,0,7500000.0,7427568.0,72432.0,100.97517787787336
249,1,0,0,500.0,2024.0,5.0,1,1,3.0,4.0,0.75,,,1.0,0,0,0,0,0,0,2100000.0,2080397.0,19603.0,100.94227207595475
2246,0,0,1,1800.0,2024.0,5.0,0,0,4.0,13.0,0.3076923076923077,-0.8564779741650012,-0.5161835717748248,3.0,0,0,0,0,0,0,7900000.0,7835072.0,64928.0,100.8286841524877
4175,0,0,1,3400.0,2026.0,12.0,0,0,6.0,13.0,0.46153846153846156,-0.8564779741650012,-0.5161835717748248,4.0,0,0,0,0,0,0,19300000.0,19158064.0,141936.0,100.74086817958224
2111,0,0,1,1400.0,2025.0,4.0,0,0,5.0,12.0,0.4166666666666667,0.7079509086484322,-0.7062616448200052,2.0,0,0,0,0,0,0,6300000.0,6255230.0,44770.0,100.71572108459641
576,1,0,0,1150.0,2024.0,5.0,1,1,6.0,7.0,0.8571428571428571,,,2.0,0,0,0,0,0,0,4000000.0,3973613.0,26387.0,100.6640556088376
702,0,0,1,1175.0,2024.0,5.0,1,0,3.0,5.0,0.6,-0.8564779741650012,-0.5161835717748248,2.0,0,0,0,0,0,0,3800000.0,3776020.0,23980.0,100.63506019565574
54,0,0,1,990.0,2024.0,7.0,0,0,5.0,13.0,0.38461538461538464,-0.8564779741650012,-0.5161835717748248,1.0,0,0,0,0,0,0,2800000.0,2785022.0,14978.0,100.53780544642017
1467,1,0,0,710.0,2024.0,5.0,0,0,1.0,13.0,0.07692307692307693,-0.8564779741650012,-0.5161835717748248,2.0,0,0,0,0,0,0,4700000.0,4678842.0,21158.0,100.45220590906897
3608,0,0,1,4452.0,2025.0,1.0,0,0,6.0,12.0,0.5,-0.8564779741650012,-0.5161835717748248,4.0,0,0,0,0,0,0,28000000.0,27890132.0,109868.0,100.39393144499998
1960,1,0,0,796.0,2024.0,5.0,1,2,8.0,11.0,0.7272727272727273,0.7079509086484322,-0.7062616448200052,2.0,0,0,0,0,0,0,5400000.0,5382568.0,17432.0,100.3238602837902
2850,0,0,1,1847.0,2025.0,9.0,0,0,9.0,14.0,0.6428571428571429,-0.8564779741650012,-0.5161835717748248,3.0,0,0,0,0,0,0,7850000.0,7829388.0,20612.0,100.26326451058497
2231,1,0,0,996.0,2025.0,6.0,0,0,6.0,13.0,0.46153846153846156,-0.8564779741650012,-0.5161835717748248,3.0,0,0,0,0,0,0,7700000.0,7719193.0,19193.0,99.7513600191108
2269,0,0,1,1252.0,2024.0,5.0,0,0,7.0,12.0,0.5833333333333334,-0.8564779741650012,-0.5161835717748248,2.0,0,0,0,0,0,0,5000000.0,5013212.0,13212.0,99.7364563876413
1506,0,0,1,1351.0,2025.0,4.0,0,0,5.0,13.0,0.38461538461538464,0.7079509086484322,-0.7062616448200052,2.0,0,0,0,0,0,0,5740000.0,5759000.0,19000.0,99.67008161139087
2794,1,0,0,900.0,2024.0,5.0,1,0,5.0,13.0,0.38461538461538464,-0.7056976606684764,-0.7085130991922731,3.0,0,0,0,0,0,0,5950000.0,5972261.0,22261.0,99.62726009462747
690,0,0,1,1050.0,2024.0,5.0,1,2,2.0,5.0,0.4,,,2.0,1,0,0,0,0,0,3500000.0,3513577.0,13577.0,99.61358467453539
885,0,0,1,1064.0,2024.0,5.0,0,0,3.0,5.0,0.6,,,2.0,0,0,0,0,0,0,3500000.0,3516976.0,16976.0,99.51731260037032
2529,0,0,1,1782.0,2024.0,5.0,1,2,7.0,11.0,0.6363636363636364,-0.8564779741650012,-0.5161835717748248,3.0,0,0,0,0,0,0,8000000.0,8040213.0,40213.0,99.49985155865896
827,0,0,1,1236.0,2024.0,5.0,0,0,5.0,13.0,0.38461538461538464,-0.8564779741650012,-0.5161835717748248,2.0,0,0,0,0,0,0,4880000.0,4906688.0,26688.0,99.45608932135077
3008,0,0,1,2500.0,2024.0,5.0,1,0,7.0,12.0,0.5833333333333334,,,4.0,0,0,0,0,0,0,13500000.0,13617580.0,117580.0,99.13655730313316
3288,0,0,1,2198.0,2025.0,12.0,0,0,5.0,13.0,0.38461538461538464,0.7079509086484322,-0.7062616448200052,3.0,0,0,0,0,0,0,10600000.0,10694944.0,94944.0,99.11225341619368
3208,0,0,1,2358.0,2025.0,3.0,0,0,4.0,13.0,0.3076923076923077,0.7079509086484322,-0.7062616448200052,3.0,0,0,0,0,0,0,12800000.0,12946389.0,146389.0,98.86926771627208
2965,1,0,0,966.0,2024.0,11.0,1,0,7.0,13.0,0.5384615384615384,-0.8564779741650012,-0.5161835717748248,3.0,0,0,0,0,0,0,6570000.0,6648125.0,78125.0,98.82485663250917
3315,0,0,1,2215.0,2024.0,5.0,0,0,5.0,13.0,0.38461538461538464,-0.8564779741650012,-0.5161835717748248,3.0,0,0,0,0,0,0,11400000.0,11550413.0,150413.0,98.6977695083284
4427,1,0,0,2090.0,2024.0,5.0,0,0,5.0,12.0,0.4166666666666667,-0.7090748404422167,0.7051332290084228,4.0,0,0,0,0,0,0,24700000.0,25041216.0,341216.0,98.63738246577162
63,0,0,1,550.0,2024.0,5.0,1,0,5.0,5.0,1.0,-0.8564779741650012,-0.5161835717748248,1.0,0,0,0,0,0,0,2000000.0,2027928.0,27928.0,98.62283079083676
1240,0,0,1,1127.0,2024.0,7.0,1,0,15.0,19.0,0.7894736842105263,-0.8564779741650012,-0.5161835717748248,2.0,0,0,0,0,0,0,4410000.0,4474676.0,64676.0,98.55462160835778
3098,0,0,1,2400.0,,,1,0,5.0,13.0,0.38461538461538464,,,3.0,0,0,0,0,0,0,12300000.0,12493715.0,193715.0,98.44950040880555
968,0,0,1,800.0,2024.0,5.0,1,0,2.0,6.0,0.3333333333333333,,,1.0,1,0,0,0,0,0,2000000.0,2031930.0,31930.0,98.42858759898225
1348,0,0,1,1275.0,2024.0,6.0,0,0,5.0,13.0,0.38461538461538464,-0.8564779741650012,-0.5161835717748248,2.0,0,0,0,0,0,0,4900000.0,4992781.0,92781.0,98.14169698210276
1376,1,0,0,635.0,2024.0,5.0,0,0,7.0,13.0,0.5384615384615384,-0.8564779741650012,-0.5161835717748248,2.0,0,0,0,0,0,0,3900000.0,3978281.0,78281.0,98.03229083114039
2097,0,0,1,2097.0,2026.0,12.0,0,0,7.0,13.0,0.5384615384615384,-0.8564779741650012,-0.5161835717748248,3.0,0,0,0,0,0,0,9960000.0,10161504.0,201504.0,98.01698646184659
2786,1,0,0,1072.0,2024.0,5.0,1,0,4.0,12.0,0.3333333333333333,-0.7090748404422167,0.7051332290084228,3.0,0,0,0,0,0,0,8500000.0,8679874.0,179874.0,97.92768881207262
3924,1,0,0,2737.0,2024.0,5.0,0,0,4.0,21.0,0.19047619047619047,,,,0,0,0,1,0,0,24600000.0,25125896.0,525896.0,97.90695623352099
4070,0,0,1,5000.0,2025.0,1.0,0,0,5.0,12.0,0.4166666666666667,0.7079509086484322,-0.7062616448200052,5.0,0,0,0,0,0,0,31500000.0,32190312.0,690312.0,97.8555287068979
3995,0,0,1,4000.0,2025.0,12.0,0,0,5.0,20.0,0.25,-0.7056976606684764,-0.7085130991922731,4.0,0,0,0,0,0,0,28000000.0,28663824.0,663824.0,97.6841052331329
4280,0,0,1,3500.0,2025.0,1.0,0,0,5.0,12.0,0.4166666666666667,0.7079509086484322,-0.7062616448200052,4.0,0,0,0,0,0,0,21100000.0,21618068.0,518068.0,97.6035416300846
3036,0,0,1,3150.0,2024.0,5.0,1,1,11.0,12.0,0.9166666666666666,,,4.0,0,1,0,0,0,0,15000000.0,15372194.0,372194.0,97.57878413452237
1284,0,0,1,1275.0,,,0,0,5.0,13.0,0.38461538461538464,-0.8564779741650012,-0.5161835717748248,2.0,0,0,0,0,0,0,4910000.0,5033428.0,123428.0,97.54783419967465
2877,0,0,1,1825.0,2024.0,5.0,0,0,8.0,15.0,0.5333333333333333,-0.8564779741650012,-0.5161835717748248,3.0,0,0,0,0,0,0,7500000.0,7688842.0,188842.0,97.54394745008416
3374,0,0,1,2241.0,2024.0,8.0,0,0,2.0,14.0,0.14285714285714285,0.7079509086484322,-0.7062616448200052,3.0,0,0,0,0,0,0,11000000.0,11277813.0,277813.0,97.53664119098269
1901,0,0,1,1800.0,2024.0,5.0,1,1,9.0,9.0,1.0,-0.8564779741650012,-0.5161835717748248,3.0,0,0,0,0,0,0,6500000.0,6665914.0,165914.0,97.51100899291531
2435,0,0,1,1328.0,2024.0,5.0,1,0,12.0,15.0,0.8,-0.8564779741650012,-0.5161835717748248,2.0,0,0,0,0,0,0,5350000.0,5488844.0,138844.0,97.4704327541464
1321,0,0,1,1250.0,,,1,0,8.0,14.0,0.5714285714285714,-0.8564779741650012,-0.5161835717748248,2.0,0,0,0,0,0,0,4630000.0,4755684.0,125684.0,97.35718353027661
3456,0,0,1,2440.0,2025.0,2.0,0,0,5.0,10.0,0.5,-0.8564779741650012,-0.5161835717748248,3.0,0,0,0,0,0,0,13700000.0,14072726.0,372726.0,97.35142999302339
2250,0,0,1,2070.0,2025.0,3.0,0,0,6.0,13.0,0.46153846153846156,-0.8564779741650012,-0.5161835717748248,3.0,0,0,0,0,0,0,9830000.0,10103795.0,273795.0,97.29017661185722
2977,0,0,1,2056.0,2024.0,12.0,0,0,8.0,14.0,0.5714285714285714,-0.8564779741650012,-0.5161835717748248,3.0,0,0,0,0,0,0,9800000.0,10083696.0,283696.0,97.18658714027079
3548,1,0,0,1400.0,2024.0,12.0,0,0,5.0,13.0,0.38461538461538464,-0.7090748404422167,0.7051332290084228,3.0,0,0,0,0,0,0,12700000.0,13069972.0,369972.0,97.16929768479994
2170,0,0,1,2065.0,2025.0,4.0,0,0,6.0,13.0,0.46153846153846156,-0.8564779741650012,-0.5161835717748248,3.0,0,0,0,0,0,0,9810000.0,10103795.0,293795.0,97.09223118640075
1218,0,0,1,1251.0,2024.0,5.0,0,0,5.0,14.0,0.35714285714285715,-0.8564779741650012,-0.5161835717748248,2.0,0,0,0,0,0,0,4750000.0,4898916.0,148916.0,96.96022548661786
148,0,0,1,1120.0,2024.0,5.0,1,2,5.0,13.0,0.38461538461538464,,,2.0,0,0,0,0,0,0,4500000.0,4641174.0,141174.0,96.95822651768712
4173,1,0,0,1778.0,2024.0,5.0,0,0,6.0,11.0,0.5454545454545454,-0.8564779741650012,-0.5161835717748248,4.0,0,0,0,0,0,0,16400000.0,16951004.0,551004.0,96.74943147910295
4272,0,0,1,2980.0,2024.0,5.0,1,0,3.0,12.0,0.25,0.0,1.0,4.0,0,0,0,0,0,0,15400000.0,15928279.0,528279.0,96.6833893354078
460,0,0,1,1176.0,2024.0,5.0,1,0,8.0,13.0,0.6153846153846154,,,2.0,0,0,0,0,0,0,4200000.0,4349858.0,149858.0,96.55487604422949
683,0,0,1,675.0,2024.0,5.0,1,1,2.0,10.0,0.2,-0.8564779741650012,-0.5161835717748248,1.0,0,0,0,0,0,0,2200000.0,2280910.0,80910.0,96.45273158520065
1882,0,0,1,2111.0,2026.0,12.0,1,0,5.0,13.0,0.38461538461538464,0.0,1.0,3.0,0,0,0,0,0,0,9600000.0,9955274.0,355274.0,96.4312986262357
2799,1,0,0,644.0,2024.0,5.0,0,0,9.0,19.0,0.47368421052631576,-0.7090748404422167,0.7051332290084228,2.0,0,0,0,0,0,0,5800000.0,6027264.0,227264.0,96.22940027183147
472,1,0,0,958.0,2024.0,5.0,1,2,6.0,14.0,0.42857142857142855,,,2.0,0,0,0,0,0,0,4700000.0,4889250.0,189250.0,96.12926317942426
4047,0,0,1,3261.0,2025.0,6.0,0,0,6.0,13.0,0.46153846153846156,-0.8564779741650012,-0.5161835717748248,4.0,0,0,0,0,0,0,17900000.0,18636900.0,736900.0,96.04601623660587
187,0,0,1,800.0,2024.0,5.0,1,0,3.0,5.0,0.6,,,2.0,0,0,0,0,0,0,2600000.0,2710740.0,110740.0,95.91476866095606
2590,0,0,1,1725.0,2024.0,5.0,0,2,5.0,14.0,0.35714285714285715,-0.8564779741650012,-0.5161835717748248,3.0,0,0,0,0,0,0,7500000.0,7821902.0,321902.0,95.88460709428473
2280,1,0,0,950.0,2024.0,12.0,0,0,4.0,14.0,0.2857142857142857,-0.8564779741650012,-0.5161835717748248,3.0,0,0,0,0,0,0,6600000.0,6889440.0,289440.0,95.79878770988644
1334,1,0,0,965.0,2024.0,5.0,1,1,6.0,12.0,0.5,0.7079509086484322,-0.7062616448200052,2.0,0,0,0,0,0,0,4500000.0,4698020.0,198020.0,95.78503284362348
2947,1,0,0,1091.0,2024.0,5.0,0,0,8.0,14.0,0.5714285714285714,-0.7090748404422167,0.7051332290084228,3.0,0,0,0,0,0,0,8970000.0,9376459.0,406459.0,95.66511195750977
266,1,0,0,1150.0,2024.0,5.0,1,0,6.0,7.0,0.8571428571428571,,,2.0,0,0,0,0,0,0,3900000.0,4077952.0,177952.0,95.63624093662702
2494,1,0,0,1400.0,2024.0,5.0,1,0,1.0,5.0,0.2,-0.8564779741650012,-0.5161835717748248,3.0,0,0,0,0,0,0,8000000.0,8372292.0,372292.0,95.55328457249222
3378,0,0,1,2600.0,2025.0,9.0,0,0,7.0,12.0,0.5833333333333334,0.7079509086484322,-0.7062616448200052,3.0,0,0,0,0,0,0,13000000.0,13604989.0,604989.0,95.55318273318707
2504,0,0,1,1586.0,2024.0,5.0,0,0,7.0,13.0,0.5384615384615384,-0.8564779741650012,-0.5161835717748248,3.0,0,0,0,0,0,0,6190000.0,6492901.0,302901.0,95.33488959711536
2887,0,0,1,1726.0,2024.0,5.0,0,0,10.0,15.0,0.6666666666666666,-0.8564779741650012,-0.5161835717748248,3.0,0,0,0,0,0,0,6650000.0,6991816.0,341816.0,95.11119857845229
2069,1,0,0,1976.0,2024.0,5.0,1,1,2.0,10.0,0.2,,,3.0,0,0,0,0,0,0,9200000.0,9674340.0,474340.0,95.09692650868173
2063,0,0,1,1600.0,2024.0,5.0,1,2,2.0,5.0,0.4,0.7079509086484322,-0.7062616448200052,3.0,0,1,0,0,0,0,6500000.0,6845730.0,345730.0,94.94969857122615
41,0,0,1,735.0,2024.0,5.0,1,0,12.0,14.0,0.8571428571428571,,,1.0,0,0,0,0,0,0,2800000.0,2950740.0,150740.0,94.89145095806477
4283,0,0,1,3755.0,2024.0,6.0,0,0,13.0,13.0,1.0,-0.8564779741650012,-0.5161835717748248,4.0,0,1,0,0,0,0,18600000.0,19619156.0,1019156.0,94.80530151246057
3474,0,0,1,2493.0,2024.0,5.0,0,0,5.0,12.0,0.4166666666666667,0.7079509086484322,-0.7062616448200052,3.0,0,0,0,0,0,0,14000000.0,14767146.0,767146.0,94.80504899186343
2104,0,0,1,1994.0,2024.0,5.0,0,0,10.0,14.0,0.7142857142857143,-0.8564779741650012,-0.5161835717748248,3.0,0,0,0,0,0,0,9080000.0,9579556.0,499556.0,94.78518628629551
774,0,0,1,648.0,2024.0,5.0,1,0,0.0,1.0,0.0,,,2.0,0,1,0,0,0,0,2400000.0,2537811.0,137811.0,94.56969017787377
1455,0,0,1,1233.0,2024.0,5.0,1,2,1.0,10.0,0.1,-0.8564779741650012,-0.5161835717748248,2.0,0,0,0,0,0,0,4900000.0,5181402.0,281402.0,94.56899889257772
1351,0,0,1,1246.0,2024.0,5.0,1,0,7.0,13.0,0.5384615384615384,-0.7090748404422167,0.7051332290084228,2.0,0,0,0,0,0,0,4400000.0,4652798.0,252798.0,94.56675316658922
2861,1,0,0,723.0,2025.0,8.0,0,0,9.0,13.0,0.6923076923076923,-0.8564779741650012,-0.5161835717748248,2.0,0,0,0,0,0,0,5130000.0,5425642.0,295642.0,94.55102271768024
1955,1,0,0,750.0,2024.0,5.0,1,2,9.0,14.0,0.6428571428571429,-0.7090748404422167,0.7051332290084228,2.0,0,0,0,0,0,0,5800000.0,6134354.0,334354.0,94.54948312405837
2409,0,0,1,2075.0,2025.0,4.0,0,0,6.0,13.0,0.46153846153846156,-0.8564779741650012,-0.5161835717748248,3.0,0,0,0,0,0,0,9550000.0,10103795.0,553795.0,94.5189406554666
1520,0,0,1,1820.0,2024.0,5.0,1,2,1.0,7.0,0.14285714285714285,,,3.0,0,0,0,0,0,0,7000000.0,7406610.0,406610.0,94.51017402023328
2857,0,0,1,1861.0,2024.0,8.0,0,0,5.0,14.0,0.35714285714285715,0.7079509086484322,-0.7062616448200052,3.0,0,0,0,0,0,0,7810000.0,8274388.0,464388.0,94.38764534609689
273,1,0,0,880.0,2024.0,5.0,0,1,1.0,5.0,0.2,0.9999996829318346,0.0007963267107332633,2.0,0,0,0,0,0,0,3000000.0,3178454.0,178454.0,94.38550943320243
2311,0,0,1,2060.0,2024.0,11.0,0,0,5.0,7.0,0.7142857142857143,-0.8564779741650012,-0.5161835717748248,3.0,0,0,0,0,0,0,9150000.0,9698043.0,548043.0,94.34893204742441
2040,1,0,0,,,,1,2,0.0,1.0,0.0,,,2.0,0,1,0,0,0,0,5000000.0,5306968.0,306968.0,94.21575558774803
2653,1,0,0,1003.0,2024.0,5.0,0,0,6.0,13.0,0.46153846153846156,-0.8564779741650012,-0.5161835717748248,3.0,0,0,0,0,0,0,7200000.0,7649537.0,449537.0,94.1233436742642
3450,0,0,1,2323.0,2024.0,5.0,1,0,17.0,20.0,0.85,-0.7090748404422167,0.7051332290084228,3.0,0,0,0,0,0,0,12500000.0,13287295.0,787295.0,94.0748286238847
3551,0,0,1,2751.0,2025.0,7.0,0,0,5.0,13.0,0.38461538461538464,0.7079509086484322,-0.7062616448200052,4.0,0,0,0,0,0,0,14000000.0,14889185.0,889185.0,94.02798071217464
2024,0,0,1,1638.0,2024.0,5.0,1,0,1.0,12.0,0.08333333333333333,,,3.0,0,0,0,0,0,0,6000000.0,6381092.0,381092.0,94.0277933620139
3948,0,0,1,3200.0,2025.0,5.0,1,0,3.0,13.0,0.23076923076923078,-0.8564779741650012,-0.5161835717748248,4.0,0,0,0,0,0,0,17600000.0,18728228.0,1128228.0,93.97578884665437
2056,0,0,1,432.0,2024.0,5.0,1,2,2.0,2.0,1.0,,,3.0,0,1,0,0,0,0,5000000.0,5322249.0,322249.0,93.94524758236604
2948,1,0,0,893.0,2026.0,1.0,1,0,9.0,14.0,0.6428571428571429,-0.8564779741650012,-0.5161835717748248,3.0,0,0,0,0,0,0,5670000.0,6036722.0,366722.0,93.92514679324309
0,1,0,0,644.0,2024.0,10.0,0,0,5.0,10.0,0.5,0.9999996829318346,0.0007963267107332633,2.0,0,0,0,0,0,0,3380000.0,3601640.0,221640.0,93.84613675992048
2130,1,0,0,1450.0,2024.0,5.0,1,1,7.0,8.0,0.875,-0.7090748404422167,0.7051332290084228,3.0,0,0,0,0,0,0,7500000.0,7997190.0,497190.0,93.78294125811692
1929,0,0,1,820.0,2024.0,5.0,1,0,1.0,3.0,0.3333333333333333,,,,0,0,0,0,1,0,7540000.0,8047992.0,507992.0,93.68796589261024
2907,0,0,1,1726.0,2024.0,5.0,0,0,9.0,15.0,0.6,-0.8564779741650012,-0.5161835717748248,3.0,0,0,0,0,0,0,6500000.0,6948609.0,448609.0,93.54390209608859
2775,0,0,1,1757.0,2026.0,1.0,0,0,7.0,13.0,0.5384615384615384,-0.8564779741650012,-0.5161835717748248,3.0,0,0,0,0,0,0,6740000.0,7215336.0,475336.0,93.41214324599714
3389,0,0,1,2450.0,2024.0,12.0,0,0,6.0,13.0,0.46153846153846156,-0.8564779741650012,-0.5161835717748248,3.0,0,0,0,0,0,0,13100000.0,14039053.0,939053.0,93.31113715433655
4329,0,0,1,3600.0,2024.0,12.0,0,0,12.0,13.0,0.9230769230769231,-0.8564779741650012,-0.5161835717748248,4.0,0,0,0,0,0,0,19000000.0,20375376.0,1375376.0,93.24981291142798
1171,0,0,1,1203.0,2024.0,5.0,1,0,10.0,13.0,0.7692307692307693,0.7079509086484322,-0.7062616448200052,2.0,0,0,0,0,0,0,4250000.0,4558091.0,308091.0,93.24078874248013
4089,0,0,1,1638.0,2024.0,5.0,0,1,0.0,3.0,0.0,-0.8564779741650012,-0.5161835717748248,5.0,0,1,0,0,0,0,15100000.0,16198566.0,1098566.0,93.21812807380604
100,1,0,0,950.0,2024.0,5.0,1,1,2.0,4.0,0.5,-0.7090748404422167,0.7051332290084228,2.0,0,0,0,0,0,0,3500000.0,3754894.0,254894.0,93.21168586916168
77,0,0,1,850.0,2024.0,5.0,1,1,3.0,4.0,0.75,,,2.0,0,0,0,0,0,0,2500000.0,2682266.0,182266.0,93.20477536530679
42,0,0,1,1326.0,2024.0,5.0,1,0,9.0,14.0,0.6428571428571429,-0.8564779741650012,-0.5161835717748248,2.0,0,0,0,0,0,0,5000000.0,5365348.0,365348.0,93.19060012509907
2866,1,0,0,1063.0,2024.0,5.0,1,0,7.0,10.0,0.7,-0.7090748404422167,0.7051332290084228,3.0,0,0,0,0,0,0,7900000.0,8493980.0,593980.0,93.00704734411902
1835,0,0,1,2100.0,2024.0,5.0,1,0,9.0,12.0,0.75,0.7079509086484322,-0.7062616448200052,3.0,0,0,0,0,0,0,9600000.0,10323336.0,723336.0,92.99319522293956
2767,0,0,1,1805.0,2024.0,5.0,0,0,9.0,12.0,0.75,-0.8564779741650012,-0.5161835717748248,3.0,0,0,0,0,0,0,7600000.0,8185448.0,585448.0,92.84769752370305
2896,0,0,1,2199.0,2024.0,6.0,0,0,6.0,13.0,0.46153846153846156,-0.8564779741650012,-0.5161835717748248,3.0,0,0,0,0,0,0,9860000.0,10620402.0,760402.0,92.84017685959533
2481,1,0,0,1200.0,2025.0,12.0,0,0,3.0,13.0,0.23076923076923078,0.7079509086484322,-0.7062616448200052,3.0,0,0,0,0,0,0,8250000.0,8908018.0,658018.0,92.61319409098635
4143,1,0,0,1634.0,2024.0,5.0,0,0,16.0,20.0,0.8,-0.7090748404422167,0.7051332290084228,4.0,0,0,0,0,0,0,16600000.0,17972360.0,1372360.0,92.36405235595103
588,1,0,0,1011.0,2024.0,5.0,1,0,2.0,7.0,0.2857142857142857,-0.8564779741650012,-0.5161835717748248,2.0,0,0,0,0,0,0,3600000.0,3899192.0,299192.0,92.32682053102283
3435,1,0,0,1616.0,2024.0,8.0,0,0,5.0,12.0,0.4166666666666667,-0.8564779741650012,-0.5161835717748248,4.0,0,0,0,0,0,0,13800000.0,14951080.0,1151080.0,92.30102440760133
1301,1,0,0,680.0,2024.0,5.0,0,0,4.0,14.0,0.2857142857142857,-0.8564779741650012,-0.5161835717748248,2.0,0,0,0,0,0,0,4500000.0,4882494.0,382494.0,92.16601187835562
3201,0,0,1,2205.0,2024.0,12.0,0,0,5.0,13.0,0.38461538461538464,-0.8564779741650012,-0.5161835717748248,3.0,0,0,0,0,0,0,10600000.0,11509530.0,909530.0,92.0975921692719
3557,0,0,1,2300.0,2024.0,5.0,0,0,6.0,12.0,0.5,0.7079509086484322,-0.7062616448200052,3.0,0,0,0,0,0,0,11500000.0,12497124.0,997124.0,92.02117223130698
372,1,0,0,400.0,2024.0,5.0,1,0,7.0,7.0,1.0,-0.8564779741650012,-0.5161835717748248,1.0,0,0,0,0,0,0,2200000.0,2391321.0,191321.0,91.99935934991579
1164,0,0,1,1305.0,2024.0,5.0,0,0,5.0,14.0,0.35714285714285715,-0.7056976606684764,-0.7085130991922731,2.0,0,0,0,0,0,0,4800000.0,5220751.0,420751.0,91.94079549091691
1902,0,0,1,725.0,2024.0,5.0,1,0,0.0,5.0,0.0,,,,0,0,0,0,1,0,9500000.0,10343459.0,843459.0,91.84548418473936
3534,0,0,1,2346.0,2024.0,7.0,0,0,4.0,13.0,0.3076923076923077,-0.8564779741650012,-0.5161835717748248,3.0,0,0,0,0,0,0,11900000.0,12982937.0,1082937.0,91.65876719574315
348,1,0,0,710.0,2024.0,5.0,1,0,5.0,5.0,1.0,,,2.0,0,0,0,0,0,0,3000000.0,3275042.0,275042.0,91.60187869346407
777,1,0,0,700.0,2024.0,5.0,1,0,4.0,4.0,1.0,0.7079509086484322,-0.7062616448200052,2.0,0,0,0,0,0,0,3000000.0,3275464.0,275464.0,91.59007700893676
2669,0,0,1,1802.0,2025.0,5.0,0,0,7.0,13.0,0.5384615384615384,-0.8564779741650012,-0.5161835717748248,3.0,0,0,0,0,0,0,6940000.0,7584928.0,644928.0,91.4972429533939
3461,0,0,1,2411.0,2024.0,6.0,0,0,6.0,13.0,0.46153846153846156,-0.8564779741650012,-0.5161835717748248,3.0,0,0,0,0,0,0,12600000.0,13790273.0,1190273.0,91.36874955267383
2352,0,0,1,1660.0,2024.0,5.0,1,1,9.0,13.0,0.6923076923076923,-0.8564779741650012,-0.5161835717748248,3.0,0,0,0,0,0,0,6000000.0,6572144.0,572144.0,91.29440864351116
2114,1,0,0,896.0,2024.0,5.0,1,0,1.0,1.0,1.0,,,,0,0,0,1,0,0,10000000.0,10954729.0,954729.0,91.284777560449
1624,0,0,1,2121.0,2024.0,5.0,1,2,4.0,8.0,0.5,0.0,1.0,3.0,0,0,0,0,0,0,9000000.0,9869534.0,869534.0,91.18971574544452
2656,1,0,0,1100.0,2024.0,5.0,1,0,9.0,15.0,0.6,0.7079509086484322,-0.7062616448200052,3.0,0,0,0,0,0,0,6750000.0,7402380.0,652380.0,91.18688854125296
3360,0,0,1,2525.0,2025.0,1.0,0,0,5.0,16.0,0.3125,-0.7090748404422167,0.7051332290084228,3.0,0,0,0,0,0,0,12900000.0,14152618.0,1252618.0,91.1492135236039
2295,0,0,1,1500.0,2024.0,5.0,1,0,8.0,14.0,0.5714285714285714,-0.8564779741650012,-0.5161835717748248,3.0,0,0,0,0,0,0,5500000.0,6034610.0,534610.0,91.14093537113418
3494,0,0,1,2790.0,2024.0,6.0,0,0,7.0,13.0,0.5384615384615384,-0.8564779741650012,-0.5161835717748248,4.0,0,0,0,0,0,0,13500000.0,14826499.0,1326499.0,91.05318794409928
1304,1,0,0,570.0,2024.0,5.0,0,0,8.0,8.0,1.0,-0.8564779741650012,-0.5161835717748248,2.0,0,0,0,0,0,0,2640000.0,2906328.0,266328.0,90.8362717490937
3580,1,0,0,1595.0,2025.0,4.0,0,0,8.0,12.0,0.6666666666666666,-0.8564779741650012,-0.5161835717748248,4.0,0,0,0,0,0,0,13600000.0,15013491.0,1413491.0,90.58519434287469
4212,0,0,1,4436.0,2025.0,9.0,0,0,4.0,12.0,0.3333333333333333,-0.8564779741650012,-0.5161835717748248,4.0,0,0,0,0,0,0,25900000.0,28592784.0,2692784.0,90.58229516929866
3199,1,0,0,1450.0,2025.0,2.0,0,0,4.0,14.0,0.2857142857142857,-0.8564779741650012,-0.5161835717748248,4.0,0,0,0,0,0,0,11700000.0,12933061.0,1233061.0,90.46582243754978
2683,1,0,0,1300.0,2024.0,5.0,1,0,8.0,13.0,0.6153846153846154,-0.7090748404422167,0.7051332290084228,4.0,0,0,0,0,0,0,10000000.0,11071246.0,1071246.0,90.32407011821434
2579,0,0,1,1775.0,,,0,0,5.0,13.0,0.38461538461538464,-0.8564779741650012,-0.5161835717748248,3.0,0,0,0,0,0,0,6840000.0,7599098.0,759098.0,90.01068284683261
1343,1,0,0,600.0,2024.0,5.0,0,0,7.0,13.0,0.5384615384615384,-0.8564779741650012,-0.5161835717748248,2.0,0,0,0,0,0,0,3340000.0,3714384.0,374384.0,89.920697483082
2608,1,0,0,1250.0,2024.0,5.0,1,1,9.0,15.0,0.6,0.7079509086484322,-0.7062616448200052,3.0,0,0,0,0,0,0,6950000.0,7729270.0,779270.0,89.91793532895086
645,1,0,0,1150.0,2024.0,5.0,1,0,3.0,5.0,0.6,-0.7056976606684764,-0.7085130991922731,2.0,0,0,0,0,0,0,3500000.0,3895285.0,395285.0,89.85221877218227
292,1,0,0,1058.0,2024.0,5.0,1,2,1.0,7.0,0.14285714285714285,0.0015926529164868282,-0.9999987317275395,2.0,0,0,0,0,0,0,3400000.0,3784972.0,384972.0,89.82893400532421
807,0,0,1,650.0,2024.0,5.0,1,0,2.0,3.0,0.6666666666666666,,,2.0,1,0,0,0,0,0,2250000.0,2507752.0,257752.0,89.72179067148586
2509,0,0,1,1918.0,2026.0,2.0,0,0,3.0,14.0,0.21428571428571427,-0.8564779741650012,-0.5161835717748248,3.0,0,0,0,0,0,0,7390000.0,8247098.0,857098.0,89.60727761450148
22,0,0,1,1150.0,,,1,0,1.0,7.0,0.14285714285714285,,,2.0,0,0,0,0,0,0,3800000.0,4242388.0,442388.0,89.57219377388395
2329,1,0,0,950.0,2024.0,12.0,0,0,4.0,14.0,0.2857142857142857,-0.8564779741650012,-0.5161835717748248,3.0,0,0,0,0,0,0,6170000.0,6889440.0,719440.0,89.55735154090898
1408,0,0,1,735.0,2024.0,12.0,0,0,6.0,13.0,0.46153846153846156,-0.8564779741650012,-0.5161835717748248,1.0,0,0,0,0,0,0,2570000.0,2870505.0,300505.0,89.53128456491105
321,1,0,0,855.0,2024.0,5.0,1,1,3.0,4.0,0.75,0.9999996829318346,0.0007963267107332633,2.0,0,0,0,0,0,0,3000000.0,3350943.0,350943.0,89.5270376129943
822,0,0,1,825.0,2024.0,5.0,1,0,2.0,5.0,0.4,,,1.0,0,0,0,0,0,0,1950000.0,2178436.0,228436.0,89.51376124889599
4265,0,0,1,4000.0,2024.0,8.0,0,0,4.0,9.0,0.4444444444444444,-0.8564779741650012,-0.5161835717748248,4.0,0,0,0,0,0,0,24000000.0,26931484.0,2931484.0,89.11502982902836
3000,0,0,1,2362.0,2026.0,6.0,0,0,5.0,13.0,0.38461538461538464,-0.8564779741650012,-0.5161835717748248,3.0,0,0,0,0,0,0,11200000.0,12579174.0,1379174.0,89.03605276467277
421,1,0,0,935.0,2024.0,5.0,1,1,2.0,4.0,0.5,,,2.0,0,0,0,0,0,0,2850000.0,3200955.0,350955.0,89.035928340136
1705,1,0,0,1700.0,2024.0,5.0,1,1,3.0,4.0,0.75,,,3.0,0,0,0,0,0,0,6800000.0,7654485.0,854485.0,88.83680613392018
627,0,0,1,1035.0,2024.0,5.0,1,1,5.0,6.0,0.8333333333333334,,,2.0,0,0,0,0,0,0,2900000.0,3267623.0,367623.0,88.74952832686023
1429,0,0,1,1219.0,2024.0,5.0,1,0,6.0,13.0,0.46153846153846156,-0.8564779741650012,-0.5161835717748248,2.0,0,0,0,0,0,0,4100000.0,4623128.0,523128.0,88.68454431718092
1383,0,0,1,1170.0,2024.0,5.0,1,0,6.0,13.0,0.46153846153846156,-0.8564779741650012,-0.5161835717748248,2.0,0,0,0,0,0,0,3920000.0,4425596.0,505596.0,88.5756404335145
732,0,0,1,1075.0,2024.0,5.0,1,1,1.0,5.0,0.2,,,2.0,0,0,0,0,0,0,3000000.0,3388170.0,388170.0,88.54337297124997
3533,1,0,0,1430.0,2025.0,6.0,1,0,6.0,11.0,0.5454545454545454,-0.8564779741650012,-0.5161835717748248,4.0,0,0,0,0,0,0,11800000.0,13340547.0,1540547.0,88.45214517815498
1819,1,0,0,1205.0,2024.0,5.0,1,2,1.0,13.0,0.07692307692307693,-0.7090748404422167,0.7051332290084228,2.0,0,0,0,0,0,0,5200000.0,5878946.0,678946.0,88.45122918291817
2032,0,0,1,1600.0,2024.0,5.0,1,0,1.0,1.0,1.0,,,3.0,0,0,0,0,0,0,5400000.0,6105586.0,705586.0,88.44359902554808
2251,0,0,1,2100.0,2024.0,5.0,1,2,10.0,12.0,0.8333333333333334,-0.8564779741650012,-0.5161835717748248,3.0,0,0,0,0,0,0,9900000.0,11212503.0,1312503.0,88.2942907573804
1394,0,0,1,1190.0,2024.0,5.0,0,0,6.0,13.0,0.46153846153846156,-0.8564779741650012,-0.5161835717748248,2.0,0,0,0,0,0,0,4110000.0,4658460.0,548460.0,88.22658131657242
4423,1,0,0,5701.0,2024.0,5.0,1,0,7.0,19.0,0.3684210526315789,0.0,1.0,5.0,0,0,0,0,0,0,33000000.0,37419132.0,4419132.0,88.19018036014305
2434,0,0,1,2100.0,2027.0,12.0,0,0,5.0,13.0,0.38461538461538464,-0.8564779741650012,-0.5161835717748248,3.0,0,0,0,0,0,0,9450000.0,10739998.0,1289998.0,87.9888432009019
1827,1,0,0,927.0,2024.0,5.0,1,2,2.0,5.0,0.4,0.9999996829318346,0.0007963267107332633,3.0,0,0,0,0,0,0,5200000.0,5914149.0,714149.0,87.92473777715102
1236,1,0,0,723.0,2024.0,5.0,0,0,7.0,13.0,0.5384615384615384,-0.7056976606684764,-0.7085130991922731,2.0,0,0,0,0,0,0,4380000.0,4985107.0,605107.0,87.8617048741381
2675,0,0,1,1658.0,2024.0,5.0,1,2,8.0,13.0,0.6153846153846154,-0.8564779741650012,-0.5161835717748248,3.0,0,0,0,0,0,0,6500000.0,7399656.0,899656.0,87.8419213001253
3198,0,0,1,2500.0,2025.0,5.0,1,0,5.0,12.0,0.4166666666666667,-0.8564779741650012,-0.5161835717748248,3.0,0,0,0,0,0,0,12500000.0,14237144.0,1737144.0,87.79850790298953
34,1,0,0,725.0,2025.0,1.0,0,0,7.0,14.0,0.5,0.7079509086484322,-0.7062616448200052,2.0,0,0,0,0,0,0,4620000.0,5263676.0,643676.0,87.77135978734253
591,0,0,1,1400.0,2024.0,5.0,1,0,10.0,14.0,0.7142857142857143,,,2.0,0,0,0,0,0,0,5000000.0,5705710.0,705710.0,87.63151299312443
808,0,0,1,1400.0,2024.0,5.0,1,2,3.0,5.0,0.6,,,3.0,1,0,0,0,0,0,5000000.0,5711846.0,711846.0,87.53737408186424
3880,1,0,0,2737.0,2024.0,5.0,0,0,9.0,21.0,0.42857142857142855,,,,0,0,0,1,0,0,24600000.0,28168504.0,3568504.0,87.331581400276
1210,1,0,0,1050.0,2024.0,5.0,1,2,4.0,4.0,1.0,,,2.0,0,0,0,0,0,0,3500000.0,4012000.0,512000.0,87.23828514456629
2447,1,0,0,1051.0,2025.0,12.0,0,0,3.0,13.0,0.23076923076923078,0.7079509086484322,-0.7062616448200052,3.0,0,0,0,0,0,0,7170000.0,8236660.0,1066660.0,87.04984787523098
2421,0,0,1,1940.0,2024.0,5.0,1,0,6.0,14.0,0.42857142857142855,0.9999996829318346,0.0007963267107332633,3.0,0,0,0,0,0,0,7000000.0,8041838.0,1041838.0,87.04477757447987
3585,0,0,1,2900.0,2025.0,4.0,0,0,8.0,12.0,0.6666666666666666,-0.8564779741650012,-0.5161835717748248,4.0,0,0,0,0,0,0,13600000.0,15639695.0,2039695.0,86.95821753557215
3282,0,0,1,2492.0,2025.0,9.0,0,0,5.0,13.0,0.38461538461538464,-0.8564779741650012,-0.5161835717748248,3.0,0,0,0,0,0,0,12300000.0,14168877.0,1868877.0,86.80998501151502
2302,0,0,1,2164.0,2025.0,12.0,0,0,7.0,12.0,0.5833333333333334,-0.8564779741650012,-0.5161835717748248,3.0,0,0,0,0,0,0,9350000.0,10787628.0,1437628.0,86.67336322683727
587,1,0,0,1000.0,2024.0,5.0,1,1,5.0,5.0,1.0,-0.8564779741650012,-0.5161835717748248,1.0,0,1,0,0,0,0,2700000.0,3120106.0,420106.0,86.53552154958838
397,0,0,1,850.0,2024.0,5.0,1,1,4.0,4.0,1.0,,,4.0,0,1,0,0,0,0,5000000.0,5781938.0,781938.0,86.47619535180073
4259,0,0,1,3152.0,2024.0,5.0,0,0,5.0,12.0,0.4166666666666667,-0.8564779741650012,-0.5161835717748248,4.0,0,0,0,0,0,0,16400000.0,18989440.0,2589440.0,86.36378955882849
926,0,0,1,1500.0,2024.0,5.0,1,1,4.0,7.0,0.5714285714285714,,,3.0,0,0,0,0,0,0,4600000.0,5331266.0,731266.0,86.28344562060869
1942,0,0,1,1300.0,2024.0,5.0,1,0,2.0,5.0,0.4,,,,0,0,0,1,0,0,8000000.0,9280044.0,1280044.0,86.2064878140664
625,1,0,0,275.0,2024.0,5.0,1,0,3.0,8.0,0.375,,,,0,0,0,1,0,0,2550000.0,2967859.0,417859.0,85.92052385237979
894,1,0,0,190.0,2024.0,5.0,1,0,4.0,6.0,0.6666666666666666,,,,0,0,0,1,0,0,1800000.0,2104766.0,304766.0,85.52019559418956
1005,0,0,1,1252.0,2024.0,5.0,1,1,3.0,14.0,0.21428571428571427,,,2.0,0,0,0,0,0,0,3700000.0,4336798.0,636798.0,85.31640164010406
2436,0,0,1,1761.0,2024.0,5.0,0,0,6.0,12.0,0.5,-0.7056976606684764,-0.7085130991922731,3.0,0,0,0,0,0,0,6400000.0,7506606.0,1106606.0,85.25823787741092
1004,0,0,1,700.0,2024.0,5.0,1,1,2.0,3.0,0.6666666666666666,,,2.0,1,0,0,0,0,0,2200000.0,2581422.0,381422.0,85.2243453414436
246,1,0,0,980.0,2024.0,5.0,1,2,1.0,12.0,0.08333333333333333,-0.8564779741650012,-0.5161835717748248,2.0,0,0,0,0,0,0,4200000.0,4928754.0,728754.0,85.21423467269821
1247,1,0,0,675.0,2024.0,5.0,1,0,6.0,14.0,0.42857142857142855,-0.8564779741650012,-0.5161835717748248,2.0,0,0,0,0,0,0,3800000.0,4461731.0,661731.0,85.16873832151691
231,0,0,1,671.0,2024.0,5.0,1,1,2.0,5.0,0.4,-0.8564779741650012,-0.5161835717748248,1.0,0,0,0,0,0,0,1800000.0,2113971.0,313971.0,85.14780950164406
3287,0,0,1,2305.0,2025.0,12.0,0,0,9.0,14.0,0.6428571428571429,-0.8564779741650012,-0.5161835717748248,3.0,0,0,0,0,0,0,10300000.0,12100066.0,1800066.0,85.1235026321344
2646,0,0,1,2045.0,2024.0,7.0,0,0,6.0,13.0,0.46153846153846156,-0.8564779741650012,-0.5161835717748248,3.0,0,0,0,0,0,0,8630000.0,10179079.0,1549079.0,84.78173712965584
1276,0,0,1,1280.0,2026.0,4.0,0,0,7.0,14.0,0.5,0.7079509086484322,-0.7062616448200052,2.0,0,0,0,0,0,0,4160000.0,4910053.0,750053.0,84.72413637897594
4270,0,0,1,4850.0,2024.0,6.0,0,0,7.0,13.0,0.5384615384615384,-0.8564779741650012,-0.5161835717748248,4.0,0,1,0,0,0,0,23000000.0,27160472.0,4160472.0,84.6818862352613
2230,1,0,0,1100.0,2024.0,12.0,0,0,4.0,14.0,0.2857142857142857,-0.8564779741650012,-0.5161835717748248,3.0,0,0,0,0,0,0,7210000.0,8520372.0,1310372.0,84.62071843811513
2572,0,0,1,1911.0,2025.0,6.0,0,0,6.0,14.0,0.42857142857142855,-0.8564779741650012,-0.5161835717748248,3.0,0,0,0,0,0,0,7070000.0,8362676.0,1292676.0,84.54231635902192
295,1,0,0,575.0,2024.0,5.0,1,1,3.0,10.0,0.3,-0.8564779741650012,-0.5161835717748248,1.0,0,0,0,0,0,0,2000000.0,2366254.0,366254.0,84.52177999487797
420,1,0,0,215.0,2024.0,5.0,1,0,2.0,4.0,0.5,,,,0,0,0,1,0,0,2400000.0,2841815.0,441815.0,84.45306960516432
1776,0,0,1,1700.0,2024.0,5.0,1,0,5.0,13.0,0.38461538461538464,,,3.0,0,0,0,0,0,0,5500000.0,6549114.0,1049114.0,83.98082549792232
2714,1,0,0,1100.0,2024.0,5.0,1,0,9.0,14.0,0.6428571428571429,0.7079509086484322,-0.7062616448200052,3.0,0,0,0,0,0,0,6250000.0,7448409.0,1198409.0,83.91053713618572
899,1,0,0,530.0,2024.0,5.0,1,0,1.0,3.0,0.3333333333333333,-0.7090748404422167,0.7051332290084228,1.0,0,0,0,0,0,0,1900000.0,2265217.0,365217.0,83.87717379836016
2153,0,0,1,1811.0,2025.0,4.0,0,0,7.0,14.0,0.5,0.7079509086484322,-0.7062616448200052,3.0,0,0,0,0,0,0,6400000.0,7641808.0,1241808.0,83.74981418009979
1598,1,0,0,2200.0,2025.0,4.0,1,0,3.0,3.0,1.0,,,4.0,0,1,0,0,0,0,10000000.0,11940588.0,1940588.0,83.74796953047874
1374,1,0,0,732.0,2024.0,5.0,0,0,6.0,13.0,0.46153846153846156,-0.8564779741650012,-0.5161835717748248,2.0,0,0,0,0,0,0,4400000.0,5258132.0,858132.0,83.67990761738199
657,1,0,0,660.0,2024.0,5.0,1,2,2.0,5.0,0.4,,,1.0,0,0,0,0,0,0,2000000.0,2391004.0,391004.0,83.64686968319585
3418,0,0,1,2370.0,2024.0,8.0,0,0,6.0,12.0,0.5,-0.8564779741650012,-0.5161835717748248,3.0,0,0,0,0,0,0,10600000.0,12675005.0,2075005.0,83.62915833169296
2458,0,0,1,1609.0,2024.0,5.0,1,0,11.0,13.0,0.8461538461538461,,,3.0,0,0,0,0,0,0,5540000.0,6636431.0,1096431.0,83.47860468977979
2059,1,0,0,1080.0,2024.0,5.0,1,0,1.0,2.0,0.5,-0.8564779741650012,-0.5161835717748248,3.0,0,1,0,0,0,0,7000000.0,8397512.0,1397512.0,83.35802318591506
408,0,0,1,1250.0,2024.0,5.0,1,0,3.0,5.0,0.6,,,2.0,0,0,0,0,0,0,3100000.0,3720177.0,620177.0,83.32936846822074
746,0,0,1,1200.0,2024.0,5.0,1,1,2.0,4.0,0.5,,,2.0,0,0,0,0,0,0,2990000.0,3592545.0,602545.0,83.22790667896992
3896,0,0,1,3259.0,2025.0,3.0,0,0,6.0,13.0,0.46153846153846156,-0.8564779741650012,-0.5161835717748248,4.0,0,0,0,0,0,0,15400000.0,18559460.0,3159460.0,82.97655211951209
881,0,0,1,716.0,2024.0,5.0,1,1,4.0,5.0,0.8,,,1.0,0,0,0,0,0,0,1800000.0,2171918.0,371918.0,82.87605701504384
3052,0,0,1,2601.0,2025.0,5.0,0,0,6.0,13.0,0.46153846153846156,0.7079509086484322,-0.7062616448200052,4.0,0,0,0,0,0,0,12200000.0,14720801.0,2520801.0,82.87592502609064
328,0,0,1,1275.0,2024.0,5.0,1,2,13.0,13.0,1.0,,,2.0,0,0,0,0,0,0,4600000.0,5550760.0,950760.0,82.87153470876059
1344,1,0,0,698.0,2024.0,5.0,0,0,14.0,14.0,1.0,-0.8564779741650012,-0.5161835717748248,2.0,0,0,0,0,0,0,4070000.0,4918123.0,848123.0,82.75514866138973
2264,0,0,1,1802.0,2024.0,10.0,0,0,6.0,12.0,0.5,-0.8564779741650012,-0.5161835717748248,3.0,0,0,0,0,0,0,6400000.0,7765836.0,1365836.0,82.41224769619137
302,1,0,0,695.0,2024.0,5.0,1,2,3.0,4.0,0.75,-0.7056976606684764,-0.7085130991922731,1.0,0,0,0,0,0,0,2100000.0,2557762.0,457762.0,82.1030260047651
3979,0,0,1,4378.0,2024.0,7.0,1,0,6.0,12.0,0.5,-0.8564779741650012,-0.5161835717748248,5.0,0,0,0,0,0,0,25100000.0,30645928.0,5545928.0,81.90321402569373
3812,0,0,1,3150.0,2024.0,5.0,1,2,7.0,11.0,0.6363636363636364,,,4.0,0,0,0,0,0,0,15000000.0,18375732.0,3375732.0,81.62940121242517
3445,0,0,1,2330.0,2025.0,4.0,0,0,8.0,12.0,0.6666666666666666,0.9999996829318346,0.0007963267107332633,3.0,0,0,0,0,0,0,10500000.0,12930989.0,2430989.0,81.20028560847125
1537,0,0,1,1750.0,2024.0,5.0,0,0,4.0,13.0,0.3076923076923077,-0.8564779741650012,-0.5161835717748248,3.0,0,0,0,0,0,0,6100000.0,7539486.0,1439486.0,80.90737220017385
2918,1,0,0,1290.0,2024.0,5.0,1,0,8.0,12.0,0.6666666666666666,-0.7090748404422167,0.7051332290084228,3.0,0,0,0,0,0,0,8500000.0,10531243.0,2031243.0,80.71221982058529
1590,1,0,0,1650.0,2024.0,5.0,1,1,8.0,9.0,0.8888888888888888,-0.8564779741650012,-0.5161835717748248,4.0,0,0,0,0,0,0,9000000.0,11185013.0,2185013.0,80.46481483749727
1260,1,0,0,800.0,2024.0,7.0,0,0,5.0,13.0,0.38461538461538464,,,2.0,0,0,0,0,0,0,3800000.0,4731901.0,931901.0,80.30599118620614
1006,0,0,1,925.0,2024.0,5.0,1,1,3.0,5.0,0.6,,,2.0,0,0,0,0,0,0,2300000.0,2866183.0,566183.0,80.2460973357249
2058,0,0,1,2375.0,2024.0,5.0,0,1,0.0,2.0,0.0,,,4.0,0,1,0,0,0,0,9100000.0,11341427.0,2241427.0,80.23681676036006
3469,0,0,1,2346.0,2024.0,5.0,0,0,10.0,19.0,0.5263157894736842,-0.8564779741650012,-0.5161835717748248,3.0,0,0,0,0,0,0,10700000.0,13344695.0,2644695.0,80.1816751900287
260,1,0,0,238.0,2024.0,5.0,1,0,0.0,4.0,0.0,,,,0,0,0,0,1,0,4000000.0,4992914.0,992914.0,80.11353690450106
984,1,0,0,960.0,2024.0,5.0,1,1,1.0,3.0,0.3333333333333333,,,3.0,0,0,0,0,0,0,5000000.0,6248439.0,1248439.0,80.01998579165132
3720,0,0,1,3000.0,2024.0,5.0,1,0,1.0,1.0,1.0,,,,0,0,0,1,0,0,20000000.0,25097016.0,5097016.0,79.69074889221889
109,0,0,1,750.0,2024.0,5.0,1,1,2.0,7.0,0.2857142857142857,,,2.0,0,0,0,0,0,0,2400000.0,3015312.0,615312.0,79.59375348222672
846,0,0,0,,2024.0,5.0,1,2,4.0,5.0,0.8,,,2.0,0,0,0,0,0,0,3000000.0,3777727.0,777727.0,79.41283210777274
1223,1,0,0,750.0,2026.0,3.0,0,0,14.0,14.0,1.0,,,2.0,0,0,0,0,0,0,4220000.0,5316440.0,1096440.0,79.3764248256352
1582,1,0,0,1110.0,2024.0,5.0,1,0,7.0,8.0,0.875,-0.8564779741650012,-0.5161835717748248,3.0,0,0,0,0,0,0,5500000.0,6942561.0,1442561.0,79.22148613458347
892,0,0,1,1380.0,2024.0,5.0,1,0,2.0,4.0,0.5,,,2.0,0,0,0,0,0,0,3950000.0,4993600.0,1043600.0,79.10124959948735
1002,0,0,1,400.0,2024.0,5.0,1,0,0.0,4.0,0.0,,,,0,0,0,0,1,0,4200000.0,5310127.0,1110127.0,79.09415349199746
597,0,0,1,160.0,2024.0,5.0,1,0,1.0,5.0,0.2,,,,0,0,0,0,1,0,2400000.0,3040576.0,640576.0,78.93241280599466
1310,1,0,0,700.0,2024.0,5.0,0,0,4.0,13.0,0.3076923076923077,-0.7090748404422167,0.7051332290084228,2.0,0,0,0,0,0,0,4700000.0,5967064.0,1267064.0,78.7657045407926
445,0,0,1,1200.0,2024.0,5.0,1,1,2.0,3.0,0.6666666666666666,,,2.0,0,0,0,0,0,0,3000000.0,3820472.0,820472.0,78.52432893108495
1155,0,0,1,810.0,2024.0,10.0,0,0,4.0,7.0,0.5714285714285714,-0.7090748404422167,0.7051332290084228,1.0,0,0,0,0,0,0,1980000.0,2527734.0,547734.0,78.33102691976292
1988,1,0,0,1700.0,2024.0,5.0,1,2,5.0,10.0,0.5,,,3.0,0,0,0,0,0,0,7500000.0,9579593.0,2079593.0,78.29142636853152
1294,1,0,0,1285.0,2024.0,5.0,1,0,10.0,10.0,1.0,-0.8564779741650012,-0.5161835717748248,2.0,0,0,0,0,0,0,4200000.0,5367093.0,1167093.0,78.25465293781942
1989,1,0,0,1440.0,2024.0,5.0,1,1,5.0,11.0,0.45454545454545453,,,3.0,0,0,0,0,0,0,7920000.0,10148682.0,2228682.0,78.03969027702317
680,0,0,1,918.0,2024.0,5.0,1,0,2.0,5.0,0.4,,,2.0,1,0,0,0,0,0,2100000.0,2692902.0,592902.0,77.98278585704196
1667,1,0,0,766.0,2024.0,5.0,1,0,0.0,7.0,0.0,,,,0,0,0,0,1,0,9800000.0,12569269.0,2769269.0,77.96793910608486
556,0,0,1,975.0,2024.0,5.0,1,1,7.0,9.0,0.7777777777777778,-0.8564779741650012,-0.5161835717748248,2.0,0,0,0,0,0,0,2800000.0,3598182.0,798182.0,77.8170754008552
250,1,0,0,602.0,2025.0,2.0,1,1,10.0,14.0,0.7142857142857143,,,3.0,0,0,0,0,0,0,3400000.0,4372038.0,972038.0,77.76693615197307
1437,0,0,1,1300.0,2024.0,5.0,1,2,7.0,13.0,0.5384615384615384,-0.8564779741650012,-0.5161835717748248,2.0,0,0,0,0,0,0,4300000.0,5535805.0,1235805.0,77.67614646830948
877,0,0,1,1120.0,2024.0,5.0,1,0,6.0,11.0,0.5454545454545454,,,2.0,0,0,0,0,0,0,3300000.0,4254499.0,954499.0,77.56494948053813
376,0,0,1,1187.0,2024.0,5.0,0,1,4.0,5.0,0.8,0.706825181105366,0.7073882691671998,2.0,0,0,0,0,0,0,2950000.0,3806481.0,856481.0,77.49940167834805
3219,0,0,1,2781.0,2025.0,2.0,0,0,4.0,13.0,0.3076923076923077,-0.8564779741650012,-0.5161835717748248,4.0,0,0,0,0,0,0,11900000.0,15391763.0,3491763.0,77.31408026487934
710,1,0,0,1100.0,2024.0,5.0,1,0,11.0,12.0,0.9166666666666666,-0.8564779741650012,-0.5161835717748248,2.0,0,0,0,0,0,0,4000000.0,5179422.0,1179422.0,77.2286946304047
912,0,0,1,1190.0,2024.0,5.0,1,0,3.0,4.0,0.75,,,2.0,0,0,0,0,0,0,2800000.0,3644112.0,844112.0,76.83627726041351
724,0,0,1,1527.0,2024.0,5.0,1,0,6.0,10.0,0.6,,,3.0,0,0,0,0,0,0,4500000.0,5862772.0,1362772.0,76.75550064031145
165,0,0,1,1225.0,2024.0,5.0,1,0,1.0,5.0,0.2,,,2.0,0,0,0,0,0,0,3000000.0,3918968.0,918968.0,76.55076540558638
491,1,0,0,500.0,2024.0,5.0,0,0,5.0,5.0,1.0,0.0,1.0,2.0,0,0,0,0,0,1,1850000.0,2420418.0,570418.0,76.4330789144685
2053,0,0,1,1350.0,2024.0,5.0,1,2,0.0,2.0,0.0,,,3.0,0,1,0,0,0,0,6000000.0,7877666.0,1877666.0,76.16469142002212
3023,0,0,1,2490.0,2025.0,2.0,0,0,5.0,13.0,0.38461538461538464,-0.8564779741650012,-0.5161835717748248,3.0,0,0,0,0,0,0,10700000.0,14103520.0,3403520.0,75.86758482988644
1425,1,0,0,706.0,2025.0,4.0,0,0,9.0,14.0,0.6428571428571429,-0.8564779741650012,-0.5161835717748248,2.0,0,0,0,0,0,0,3800000.0,5012117.0,1212117.0,75.81626685889415
1385,1,0,0,1135.0,2024.0,5.0,1,1,1.0,13.0,0.07692307692307693,-0.8564779741650012,-0.5161835717748248,2.0,0,0,0,0,0,0,3500000.0,4617035.0,1117035.0,75.80622629024904
19,1,0,0,731.0,2024.0,5.0,1,0,2.0,5.0,0.4,-0.8564779741650012,-0.5161835717748248,1.0,0,0,0,0,0,0,2000000.0,2639027.0,639027.0,75.78550731008058
798,0,0,1,1316.0,2024.0,5.0,1,0,7.0,14.0,0.5,,,2.0,0,0,0,0,0,0,3800000.0,5024416.0,1224416.0,75.6306802621439
1925,0,0,1,728.0,2024.0,5.0,1,0,0.0,11.0,0.0,,,,0,0,0,0,1,0,9300000.0,12297649.0,2997649.0,75.62421077394549
216,0,0,1,1092.0,2026.0,5.0,0,0,14.0,14.0,1.0,,,2.0,0,0,0,0,0,0,3490000.0,4626145.0,1136145.0,75.4407827683741
70,0,0,1,1200.0,,,1,2,3.0,10.0,0.3,,,2.0,0,0,0,0,0,0,4000000.0,5302779.0,1302779.0,75.43214605021254
507,1,0,0,713.0,2024.0,5.0,1,0,4.0,15.0,0.26666666666666666,-0.7090748404422167,0.7051332290084228,2.0,0,0,0,0,0,0,4380000.0,5807264.0,1427264.0,75.42278084826177
1584,1,0,0,1450.0,2024.0,5.0,1,2,6.0,11.0,0.5454545454545454,-0.7090748404422167,0.7051332290084228,2.0,0,0,0,0,0,0,6500000.0,8646710.0,2146710.0,75.17310052031351
418,0,0,1,960.0,2024.0,5.0,1,1,4.0,6.0,0.6666666666666666,,,2.0,0,0,0,0,0,0,2250000.0,2999704.0,749704.0,75.00740073020538
584,0,0,1,242.0,2024.0,5.0,1,0,0.0,4.0,0.0,,,,0,0,0,0,1,0,3000000.0,4002224.0,1002224.0,74.95832317231618
1381,0,0,1,1256.0,2024.0,5.0,1,1,8.0,13.0,0.6153846153846154,-0.7090748404422167,0.7051332290084228,2.0,0,0,0,0,0,0,3430000.0,4581214.0,1151214.0,74.87098397935569
457,0,0,1,256.0,2024.0,5.0,1,0,1.0,5.0,0.2,,,,0,0,0,1,0,0,2000000.0,2680923.0,680923.0,74.60117280503766
620,1,0,0,350.0,2024.0,5.0,1,0,4.0,4.0,1.0,,,,0,0,0,1,0,0,3500000.0,4698204.0,1198204.0,74.49655229955958
878,1,0,0,660.0,2024.0,5.0,1,2,4.0,4.0,1.0,,,2.0,0,0,0,0,0,0,2400000.0,3233055.0,833055.0,74.2331943007465
1450,0,0,1,1385.0,2024.0,5.0,0,0,4.0,13.0,0.3076923076923077,-0.8564779741650012,-0.5161835717748248,3.0,0,0,0,0,0,0,5000000.0,6758906.0,1758906.0,73.97646897293734
2215,0,0,1,1385.0,2024.0,5.0,0,0,4.0,13.0,0.3076923076923077,-0.8564779741650012,-0.5161835717748248,3.0,0,0,0,0,0,0,5000000.0,6758906.0,1758906.0,73.97646897293734
632,1,0,0,680.0,2024.0,5.0,1,1,4.0,4.0,1.0,0.0,1.0,2.0,0,0,0,0,0,0,2300000.0,3109412.0,809412.0,73.96896905266976
453,0,0,1,650.0,2024.0,5.0,1,0,0.0,1.0,0.0,,,1.0,0,1,0,0,0,0,2200000.0,2984614.0,784614.0,73.711374402184
943,1,0,0,715.0,2024.0,5.0,1,1,1.0,9.0,0.1111111111111111,-0.8564779741650012,-0.5161835717748248,1.0,0,0,0,0,0,0,2000000.0,2714235.0,714235.0,73.68558728334135
135,0,0,1,925.0,2024.0,5.0,1,0,3.0,4.0,0.75,,,2.0,0,0,0,0,0,0,2200000.0,2991584.0,791584.0,73.53963652700376
153,0,0,1,380.0,2024.0,5.0,1,0,1.0,5.0,0.2,,,,0,0,0,0,1,0,2500000.0,3437370.0,937370.0,72.73002324451542
1285,1,0,0,865.0,2024.0,5.0,1,0,9.0,12.0,0.75,-0.8564779741650012,-0.5161835717748248,2.0,0,0,0,0,0,0,3530000.0,4867704.0,1337704.0,72.51878914576564
33,0,0,1,1250.0,2024.0,5.0,0,0,7.0,14.0,0.5,-0.8564779741650012,-0.5161835717748248,2.0,0,0,0,0,0,0,3500000.0,4829318.0,1329318.0,72.47400150497441
4161,0,0,1,3600.0,2025.0,4.0,0,0,10.0,12.0,0.8333333333333334,0.9999996829318346,0.0007963267107332633,4.0,0,0,0,0,0,0,16200000.0,22355236.0,6155236.0,72.46624459701522
43,0,0,1,510.0,2025.0,12.0,0,0,3.0,12.0,0.25,,,,0,0,0,1,0,0,3570000.0,4939336.0,1369336.0,72.27692143235447
1613,0,0,1,1900.0,2024.0,5.0,1,1,10.0,10.0,1.0,,,4.0,0,0,0,0,0,0,7500000.0,10544871.0,3044871.0,71.12462542216022
2717,0,0,1,2250.0,2024.0,5.0,1,0,5.0,12.0,0.4166666666666667,-0.8564779741650012,-0.5161835717748248,4.0,0,0,0,0,0,0,10000000.0,14099539.0,4099539.0,70.92430468825967
4031,0,0,1,4000.0,2025.0,1.0,0,0,8.0,14.0,0.5714285714285714,-0.8564779741650012,-0.5161835717748248,4.0,0,0,0,0,0,0,18000000.0,25459920.0,7459920.0,70.6993580498289
1235,0,0,1,1205.0,2024.0,5.0,0,0,5.0,13.0,0.38461538461538464,-0.8564779741650012,-0.5161835717748248,2.0,0,0,0,0,0,0,3440000.0,4871020.0,1431020.0,70.62175889238804
606,0,0,1,700.0,,,1,2,3.0,4.0,0.75,,,1.0,1,0,0,0,0,0,1800000.0,2551907.0,751907.0,70.53548581511787
3229,0,0,1,2875.0,2025.0,3.0,0,0,5.0,13.0,0.38461538461538464,0.7079509086484322,-0.7062616448200052,4.0,0,0,0,0,0,0,10700000.0,15302161.0,4602161.0,69.92476422121032
2386,1,0,0,1600.0,2024.0,5.0,1,0,9.0,10.0,0.9,-0.8564779741650012,-0.5161835717748248,4.0,0,0,0,0,0,0,8350000.0,12072656.0,3722656.0,69.16456494743161
1588,0,0,1,1775.0,2024.0,5.0,1,1,0.0,2.0,0.0,0.9999996829318346,0.0007963267107332633,4.0,0,1,0,0,0,0,7200000.0,10578674.0,3378674.0,68.06146025484857
242,1,0,0,532.0,2024.0,5.0,0,1,0.0,1.0,0.0,-0.8564779741650012,-0.5161835717748248,3.0,0,1,0,0,0,0,3300000.0,4869608.0,1569608.0,67.7672617590574
1488,0,0,1,1251.0,2024.0,5.0,1,2,8.0,12.0,0.6666666666666666,-0.8564779741650012,-0.5161835717748248,2.0,0,0,0,0,0,0,3550000.0,5326448.0,1776448.0,66.64854326936074
848,0,0,1,650.0,2024.0,5.0,1,0,3.0,7.0,0.42857142857142855,,,,0,0,0,1,0,0,3500000.0,5301950.0,1801950.0,66.01344788238289
277,1,0,0,100.0,2024.0,5.0,1,0,1.0,1.0,1.0,,,,0,0,0,0,1,0,1820000.0,2772429.0,952429.0,65.64640609371783
1877,1,0,0,1000.0,2024.0,5.0,1,1,2.0,2.0,1.0,-0.8564779741650012,-0.5161835717748248,3.0,0,1,0,0,0,0,5680000.0,8708919.0,3028919.0,65.22049407050405
278,1,0,0,750.0,2024.0,5.0,1,1,1.0,4.0,0.25,-0.7090748404422167,0.7051332290084228,2.0,0,0,0,0,0,0,2450000.0,3757734.0,1307734.0,65.19886718964142
1484,1,0,0,700.0,2024.0,5.0,0,2,3.0,11.0,0.2727272727272727,-0.8564779741650012,-0.5161835717748248,2.0,0,0,0,0,0,0,3500000.0,5401352.0,1901352.0,64.79859116754471
2774,1,0,0,1500.0,2025.0,10.0,0,2,0.0,1.0,0.0,-0.8564779741650012,-0.5161835717748248,3.0,0,1,0,0,0,0,5100000.0,7898496.0,2798496.0,64.5692547036803
643,0,0,1,1000.0,2024.0,5.0,1,0,0.0,2.0,0.0,,,4.0,0,1,0,0,0,0,4200000.0,6516716.0,2316716.0,64.44963997203499
527,0,0,1,1235.0,2024.0,5.0,1,1,0.0,1.0,0.0,-0.8564779741650012,-0.5161835717748248,5.0,0,1,0,0,0,0,5000000.0,7764044.0,2764044.0,64.39942895738355
1898,1,0,0,1700.0,2024.0,5.0,1,0,0.0,3.0,0.0,,,3.0,0,1,0,0,0,0,6500000.0,10107766.0,3607766.0,64.30698929911911
1157,1,0,0,1150.0,2024.0,5.0,1,0,4.0,5.0,0.8,-0.8564779741650012,-0.5161835717748248,3.0,0,0,0,0,0,0,4400000.0,6899356.0,2499356.0,63.774068188393244
3492,1,0,0,2000.0,2025.0,7.0,0,0,6.0,12.0,0.5,-0.8564779741650012,-0.5161835717748248,4.0,0,0,0,0,0,0,14000000.0,21953812.0,7953812.0,63.77024636996983
89,0,0,1,1370.0,2024.0,5.0,1,0,3.0,4.0,0.75,,,4.0,0,0,0,0,0,0,4400000.0,6932406.0,2532406.0,63.47002757772698
821,0,0,1,900.0,2024.0,5.0,1,2,0.0,4.0,0.0,,,2.0,1,0,0,0,0,0,2200000.0,3481692.0,1281692.0,63.18766852438412
2120,0,0,1,1900.0,2024.0,5.0,1,0,7.0,14.0,0.5,0.7079509086484322,-0.7062616448200052,3.0,0,0,0,0,0,0,5000000.0,7954966.0,2954966.0,62.853819865477746
258,1,0,0,1136.0,2024.0,5.0,1,0,1.0,1.0,1.0,,,2.0,0,0,0,0,0,0,3200000.0,5125943.0,1925943.0,62.42753772330282
1599,1,0,0,1300.0,2024.0,5.0,1,2,4.0,10.0,0.4,,,3.0,0,0,0,0,0,0,5350000.0,8768189.0,3418189.0,61.0160205260174
842,0,0,1,500.0,2024.0,5.0,1,0,0.0,4.0,0.0,,,,0,0,0,0,1,0,3400000.0,5574596.0,2174596.0,60.99096687903482
1312,0,0,1,1381.0,2025.0,1.0,0,0,7.0,11.0,0.6363636363636364,-0.7090748404422167,0.7051332290084228,3.0,0,0,0,0,0,0,3720000.0,6238067.0,2518067.0,59.63385773189034
3173,1,0,0,1445.0,2024.0,5.0,1,0,1.0,1.0,1.0,,,4.0,0,1,0,0,0,0,10300000.0,17323788.0,7023788.0,59.455818785129445
621,1,0,0,1100.0,2024.0,5.0,1,0,2.0,5.0,0.4,0.9999996829318346,0.0007963267107332633,3.0,0,0,0,0,0,0,3810000.0,6493310.0,2683310.0,58.67577552896751
1958,0,0,1,560.0,2024.0,5.0,1,0,2.0,2.0,1.0,,,5.0,0,1,0,0,0,0,6000000.0,10326388.0,4326388.0,58.10356922478606
1924,1,0,0,1609.0,2024.0,5.0,1,0,12.0,13.0,0.9230769230769231,0.9999996829318346,0.0007963267107332633,3.0,0,0,0,0,0,0,5600000.0,9682868.0,4082868.0,57.8341045235771
533,0,0,1,182.92,2024.0,5.0,1,0,0.0,3.0,0.0,,,,0,0,0,0,1,0,1800000.0,3131129.0,1331129.0,57.48725140356721
1345,0,0,1,1472.0,2025.0,6.0,0,0,7.0,13.0,0.5384615384615384,-0.8564779741650012,-0.5161835717748248,3.0,0,0,0,0,0,0,3680000.0,6418322.0,2738322.0,57.33585818847979
3512,1,0,0,2000.0,2025.0,3.0,0,0,1.0,12.0,0.08333333333333333,,,4.0,0,0,0,0,0,0,10000000.0,17724160.0,7724160.0,56.42016321224814
298,1,0,0,1450.0,2024.0,5.0,1,0,0.0,1.0,0.0,-0.8564779741650012,-0.5161835717748248,2.0,0,1,0,0,0,0,3600000.0,6428632.0,2828632.0,55.99947236052709
81,0,0,1,393.0,2024.0,5.0,1,0,1.0,3.0,0.3333333333333333,,,,0,0,0,1,0,0,2000000.0,3602969.0,1602969.0,55.50977541022418
872,0,0,1,820.0,2024.0,5.0,1,2,8.0,9.0,0.8888888888888888,,,2.0,0,0,0,0,0,0,1900000.0,3539102.0,1639102.0,53.68593501967448
39,1,0,0,396.0,2024.0,5.0,1,0,2.0,10.0,0.2,,,,0,0,0,1,0,0,2300000.0,4343694.0,2043694.0,52.950322927904224
1966,0,0,1,1680.0,2024.0,5.0,1,1,0.0,2.0,0.0,,,4.0,0,1,0,0,0,0,6500000.0,12282412.0,5782412.0,52.921201470851166
208,0,0,1,1296.0,2024.0,5.0,1,1,0.0,3.0,0.0,,,3.0,0,1,0,0,0,0,4000000.0,7601954.0,3601954.0,52.61805056962986
364,0,0,1,160.0,2024.0,5.0,1,0,6.0,9.0,0.6666666666666666,,,,0,0,0,0,1,0,2000000.0,3860743.0,1860743.0,51.803499999870496
358,0,0,1,2000.0,2024.0,5.0,1,0,0.0,2.0,0.0,,,4.0,0,1,0,0,0,0,4200000.0,8523712.0,4323712.0,49.27430678089546
631,0,0,0,,2024.0,5.0,1,0,0.0,10.0,0.0,-0.8564779741650012,-0.5161835717748248,2.0,0,0,0,0,0,0,2200000.0,4505224.0,2305224.0,48.83220013033758
1184,1,0,0,950.0,2024.0,5.0,1,2,10.0,13.0,0.7692307692307693,-0.8564779741650012,-0.5161835717748248,3.0,0,0,0,0,0,0,3000000.0,6290484.0,3290484.0,47.6910838657248
617,0,0,1,900.0,2024.0,5.0,1,0,0.0,2.0,0.0,,,2.0,0,1,0,0,0,0,1850000.0,4009036.0,2159036.0,46.14575673553443
874,1,0,0,322.8,2024.0,5.0,1,0,0.0,3.0,0.0,,,,0,0,0,0,1,0,3500000.0,7655952.0,4155952.0,45.716065095496944
1696,0,0,1,1650.0,2024.0,5.0,1,1,0.0,2.0,0.0,-0.8564779741650012,-0.5161835717748248,4.0,0,1,0,0,0,0,5700000.0,12748372.0,7048372.0,44.71159140947566
85,1,0,0,1300.0,2024.0,5.0,1,2,0.0,2.0,0.0,,,4.0,0,1,0,0,0,0,4500000.0,10746965.0,6246965.0,41.87228673397559
701,1,0,0,1260.0,2024.0,5.0,1,0,3.0,3.0,1.0,,,4.0,0,1,0,0,0,0,3200000.0,8012083.0,4812083.0,39.939676111692805
